Arbetsmoment;Grupp;Rad;Moment/Typ/Sort;Underlag/Variant;Enhet;0;-1;-2;-3;-4;-5;-6;-7;-8;-9
1;501;10;Infällda rör (VP 16–20 mm);Valv u-kantsarm = -0 / ö-kantsarm = -1 / planbjälklag = -2 / väggform trä = -3 / väggform stål = -4 / dubbel/färdig pelarform = -5 / stålregel min 45 cm = -6 / träregel = -7;m rör;0,03;0,06;0,05;0,06;0,07;0,11;0,07;0,05;;
2;501;11;Infällda rör (VP 25–50 mm);Valv u-kantsarm = -0 / ö-kantsarm = -1 / planbjälklag = -2 / väggform trä = -3 / väggform stål = -4 / dubbel/färdig pelarform = -5 / stålregel min 45 cm = -6 / träregel = -7;m rör;0,04;0,07;0,06;0,06;0,08;0,11;0,09;0,07;;
3;503;10;Utvändiga rör (VP 16–20 mm);Betong/tegel/lättbet./stål ≤5 mm inkl borrn = -0 / Trä, stål ≤3 mm självborr = -1 / Stål exkl borrn = -2 / Ankarskena = -3 / Stege/lina = -4 / Oavsett fästmetod = -5;m rör;0,11;0,08;0,09;0,07;0,03;0,07;;;;
4;503;11;Utvändiga rör (VP 25–50 mm);Betong/tegel/lättbet./stål ≤5 mm inkl borrn = -0 / Trä, stål ≤3 mm självborr = -1 / Stål exkl borrn = -2 / Ankarskena = -3 / Stege/lina = -4 / Oavsett fästmetod = -5;m rör;0,13;0,1;0,1;0,09;0,03;0,08;;;;
5;504;10;Maskin inbilning av rör;Betong (-0)/25–50 (-1);m;0,4;0,53;;;;;;;;
6;504;11;Maskin inbilning av rör;Lättbetong (-0)/25–50 (-1);m;0,07;0,1;;;;;;;;
7;504;12;Maskin inbilning av rör;Trä, tegel före puts (-0)/25–50 (-1);m;0,12;0,14;;;;;;;;
8;504;13;Maskin inbilning av rör;Tegel efter puts (-0)/25–50 (-1);m;0,27;0,35;;;;;;;;
9;506;10;Rörförläggning i färdig bilad spår (VP 16–50);Endast fastsättning (-0);m;0,06;;;;;;;;;
10;508;10;Rörförläggning utan fastsättning (VP 16–50);16–20 (-0) / 25–50 (-1);m;0,04;0,05;;;;;;;;
11;513;10;Tillägg – OMG-rör;Tidsätts som VP + tillägg (-0);m;0,03;;;;;;;;;
12;513;11;Tillägg – SM-rör;Tidsätts som VP + tillägg (-0);m;0,02;;;;;;;;;
13;513;13;Tillägg – Protec-rör;Tidsätts som VP + tillägg (-0);m;0,02;;;;;;;;;
14;513;14;Tillägg – spiralslang/robotslang;Tidsätts som VP + tillägg (-0);m;0,03;;;;;;;;;
15;515;10;Flexibel VP-slang med kabel;Valv/väggform 16–25 (-0) / 32–50 (-1);m slang;0,02;0,03;;;;;;;;
16;515;11;Flexibel VP-slang m. kabel, Protecsystem;Valv/väggform 16–25 (-0) / 32–50 (-1);m slang;0,03;0,04;;;;;;;;
17;515;14;Flexibel VP-slang – vid inbilning/reg./utv;16–25 (-0) / 32–50 (-1);m slang;0,01;0,02;;;;;;;;
18;515;15;Flexibel VP-slang – Protecsystem vid inb/reg/utv;16–25 (-0) / 32–50 (-1);m slang;0,02;0,03;;;;;;;;
19;521;10;Sammanfogning rör genom dilatationsfog inkl ytterhylsa;Valv/väggform (-0);fog;0,11;;;;;;;;;
20;521;11;Tillkommande rör i samma ytterhylsa;Valv/väggform (-0);rör;0,03;;;;;;;;;
21;521;13;Hopskarva i väggelement befintligt rör m. i valv förlagt rör;Valv/väggform (-0);hopskarvning;0,03;;;;;;;;;
22;521;15;Uppmätning & avpassning röruppgång (max 3 rör, enskiktsvalv);Valv/väggform (-0);uppgångsställe;0,07;;;;;;;;;
23;521;16;Tillägg röruppgång vid rörförläggning på valvform/planbjälklag;Valv/väggform (-0);uppgångsställe;0,04;;;;;;;;;
24;521;19;Håltagning i bef ursparning planbjälklag;Valv/väggform (-0);rör;0,01;;;;;;;;;
25;521;20;Håltagning för rör under/uppifrån i planbjälklag;Valv/väggform (-0);rör;0,08;;;;;;;;;
26;521;21;Utmätning blivande mellanvägg, typ regelvägg;Valv/väggform (-0);utmätt vägg;0,08;;;;;;;;;
27;523;10;Hopskarv i prefab betongbjälklag – vägg/valv;Vid inbilning/regelverk (-0);hopskarvning;0,03;;;;;;;;;
28;523;11;Utmätning blivande mellanvägg i träbjälklag;Vid inbilning/regelverk (-0);utmätt vägg;0,03;;;;;;;;;
29;523;12;Tillägg för rörförläggning med vävplastskydd (träbjälklag);Vid inbilning/regelverk (-0);m rör;0,01;;;;;;;;;
30;525;10;Tillägg – förläggning med avståndsklammer;Utvändigt (-0);m;0,02;;;;;;;;;
31;525;12;Tillägg – röruppgång på olika underlag;Utvändigt (-0);uppgångsställe;0,04;;;;;;;;;
32;525;16;Hopskarv i väggelement resp. botten med VP/SM-rör;Utvändigt (-0);hopskarvning;0,03;;;;;;;;;
33;536;10;Dosor på valv/väggform/pl.bjälklag – ID ≤80 mm;u-kant = -0 / ö-kant = -1 / enkel form = -2 / dubbel/färdig pelarform = -3 / planbjälklag = -4;dosa;0,09;0,19;0,09;0,17;0,03;;;;;
34;536;11;Dosor – ID ≤80 mm, exkl. tätning / tätl. lock/insats;u-kant = -0 / ö-kant = -1 / enkel form = -2 / dubbel/färdig pelarform = -3 / planbjälklag = -4;dosa;0,07;0,18;0,07;0,16;;;;;;
35;536;14;Fyrkant/dubbeldosa ≤145 mm;u-kant = -0 / ö-kant = -1 / enkel form = -2 / dubbel/färdig pelarform = -3 / planbjälklag = -4;dosa;0,12;0,29;0,12;0,27;;;;;;
36;536;15;Fyrkant/dubbeldosa ≤180 mm;u-kant = -0 / ö-kant = -1 / enkel form = -2 / dubbel/färdig pelarform = -3 / planbjälklag = -4;dosa;0,13;0,32;0,13;0,3;;;;;;
37;538;10;Dosor – med maskinell inbilning/regel/utvändigt (ID ≤80);Betong -0 / Lättbetong -1 / Tegel -2 / Trä -3 / På regel/kottl./kloss -4 / I regelvägg på skiva -5 / Thorsmans hålfäste -6 / Oavsett -7;dosa;0,14;0,06;0,08;0,08;0,07;0,06;0,05;0,07;;
38;538;12;Dosor i tak (ID ≤80);Betong -0 / Lättbetong -1 / Tegel -2 / Trä -3 / På regel -4 / I regelvägg -5 / Hålfäste -6 / Oavsett -7;dosa;;0,15;;0,2;0,1;;;0,1;;
39;538;14;Dosor ≤80 exkl tätning / med tätningslock/insats;Betong -0 / Lättbetong -1 / Tegel -2 / Trä -3 / På regel -4 / I regelvägg -5;dosa;0,14;0,05;0,07;0,09;0,07;0,06;;;;
40;538;16;Dosor i tak (ID ≤80) – exkl tätning;Betong -0 / Lättbetong -1 / Tegel -2 / Trä -3 / På regel -4 / I regelvägg -5;dosa;;0,13;;0,2;0,1;;;;;
41;538;18;Fyrkantdosa ≤145 / rund 80–90 / dubbeldosa;Betong -0 / Lättbetong -1 / Tegel -2 / Trä -3 / På regel -4 / I regelvägg -5 / Oavsett -7;dosa;0,31;0,1;0,12;0,13;0,09;0,09;;0,1;;
42;538;20;Fyrkantdosa ≤180;Betong -0 / Lättbetong -1 / Tegel -2 / Trä -3 / På regel -4 / I regelvägg -5 / Oavsett -7;dosa;0,59;0,18;0,22;0,25;0,09;0,1;;0,12;;
43;538;22;Fyrkantdosa ≤300;Betong -0 / Lättbetong -1 / Tegel -2 / Trä -3 / På regel -4 / I regelvägg -5;dosa;;0,37;0,47;0,53;0,09;0,13;;;;
44;542;10;Tillägg – lösa stosar ≤2 st;—;dosa;0,01;;;;;;;;;
45;542;20;Tillägg – doskombination gemensam täckplatta;—;doskombination;0,01;;;;;;;;;
46;542;21;Avväga golvdosa/golvbrunn;—;dosa;0,09;;;;;;;;;
47;542;22;Montering påbyggnads-/förhöjningsring (skruv);—;dosa;0,01;;;;;;;;;
48;542;25;Tillägg – inpassning i ramstycken/panel/list/kakel/fasadtegel;—;dosa;0,1;;;;;;;;;
49;543;26;Tillägg – arbete i kopplings-/tak-/apparatdosa (Protec);—;dosa;0,04;;;;;;;;;
50;543;33;Tillägg – borrning rörutlopp i dosa (Protec);—;doskombination;0,04;;;;;;;;;
51;545;10;Genomföringsmuff t.o.m. 4 utlopp (inkl ev. takkrokinsats);u-kant -0 / ö-kant -1 / väggform -2;muff;0,06;0,14;0,05;;;;;;;
52;545;11;Rörgenomf. mellan väggformar (VP/SM/OMG) t.o.m. Ø50, L≤75 cm;Väggform (-2);rör;;;0,16;;;;;;;
53;545;12;Genomföringsmuff på stålform inkl borrning;u-kant -0 / ö-kant -1 / väggform stål -2;muff;0,09;0,13;0,07;;;;;;;
54;545;13;Rörgenomf. mellan väggformar på stålform;Väggform stål (-2);rör;;;0,26;;;;;;;
55;547;10;Läkt/kloss trä ≤6×11×80 cm – tillverka, fästa, bort;Valv u-kant -0 / ö-kant -1 / Träform -2 / Stålform -3 / Dubbelform trä -4 / Dubbelform stål -5;låda;0,18;0,27;0,19;0,21;0,27;0,3;;;;
56;547;11;Kloss av frigolit/lättbetong ≤30 cm – tillv/fästa/bort;Valv u-kant -0 / ö-kant -1 / Träform -2 / Stålform -3 / Dubbelform trä -4 / Dubbelform stål -5;låda;0,12;0,18;0,1;0,12;0,15;0,16;;;;
57;548;10;Låda/ram m.m. – största mått ≤25 cm;På form (trä/stål) inkl borrning = -2 / I regelverk trä -0 / stål -1;låda; ; ;0,28;0,35;0,44;;;;;
58;548;11;Låda/ram – största mått 25–75 cm;På form (trä/stål) = -2 / I regelverk trä -0 / stål -1;låda; ; ;0,55;0,69;0,7;;;;;
59;548;12;Låda/ram – största mått 75–150 cm;På form (trä/stål) = -2 / I regelverk trä -0 / stål -1;låda; ; ;1,54;1,92;0,95;;;;;
60;600;10;Kabelskyddsrör på u-kantsarm/planbjälklag m. naj – släta på ring inkl skarv;Ø t.o.m. 50 = -0 / 75 = -1 / 110 = -2 / 160 = -3;m;0,03;0,04;0,04;;;;;;;
61;600;11;Kabelskyddsrör på u-kantsarm/planbjälklag – släta dubbelvägg (6 m);Ø t.o.m. 50 = -0 / 75 = -1 / 110 = -2 / 160 = -3;m;0,05;0,05;0,09;0,12;;;;;;
62;601;10;Kabelskyddsrör täta (6 m), öppen/dold – fästa m klammer/band;Ø 50 = -0 / 75 = -1 / 110 = -2 / 160 = -3;m;0,09;0,09;0,13;0,16;;;;;;
63;601;11;Kabelskyddsrör täta (6 m), öppen/dold – fästa m strips/naj;Ø 50 = -0 / 75 = -1 / 110 = -2 / 160 = -3;m;0,05;0,05;0,09;0,12;;;;;;
64;602;10;Kabelskyddsrör på ring i jord/öppen kanal – släta/korr/ dubbelv.;Ø 50 = -0 / 75 = -1 / 110 = -2 / 160 = -3;m;0,04;0,05;0,08;;;;;;;
65;602;11;Kabelskyddsrör korrugerade enkelvägg på ring;Ø 50 = -0 / 75 = -1 / 110 = -2 / 160 = -3;m;0,01;0,02;0,02;;;;;;;
66;603;10;Kabelskyddsrör dubbelvägg (6 m) – i jord/öppen kanal utan fastsättning;Ø 50 = -0 / 75 = -1 / 110 = -2 / 160 = -3;m;0,04;0,05;0,08;0,09;;;;;;
67;603;15;Tillägg – förläggning med avstånd (inkl kloss/hållare);—;m;0,01;;;;;;;;;
68;603;16;Tillägg – skarvning enl 600/601/603 inkl tätning/infett/kapning;—;m;0,09;;;;;;;;;
69;998;10;Tillägg vid rörförläggning – rullställning 4–10 m;Motordrivna/ej motordr = -0 / Motordrivna från plattform = -1;m förläggn. sträcka;0,04;0,03;;;;;;;;
70;998;11;Tillägg vid rörförläggning på lina – rullställning 4–10 m;—;m lina;0,04;0,03;;;;;;;;
71;998;12;Tillägg vid rörförläggning på hylla/stege – rullställning 4–10 m;—;m rör;0,02;0,01;;;;;;;;
72;998;13;Tillägg vid håltagning/upps. dosor etc. – rullställning 4–10 m;—;arbetsställe;0,09;0,06;;;;;;;;
73;501;10;FK, RK (per 10 m);<2,5;per 10 m;0,08;;;;;;; ;;
74;501;11;FK, RK, MK;4-70;m;;0,01;0,01;0,02;0,02;;;;;
75;501;12;Tvinnad FK, 3-5 ledare;;m;0,03;;;;;;; ;;
76;503;10;Idraga dragtråd i tomrör;;m;;;;;;; ;;;
77;509;10;Tillfälliga anläggningar (gummislangkabel);<70;m;0,01;0,02;0,02;0,03;0,04;;;;;
78;510;10;Installations-/anslutningskabel;t.o.m. 2,5 mm²;m kabel;0,03;0,12;0,08;0,03;0,05;0,04;0,03;;;
79;510;11;Installations-/anslutningskabel;4-6 mm²;m kabel;0,04;0,12;0,09;0,05;0,06;0,05;0,05;;;
80;510;12;Installations-/anslutningskabel;10-16 mm²;m kabel;0,04;0,16;0,1;0,07;0,07;0,07;0,07;;;
81;510;13;Installations-/anslutningskabel;25-50 mm²;m kabel;0,05;0,19;0,13;0,09;0,09;0,08;0,08;;;
82;510;14;Installations-/anslutningskabel;70-120 mm²;m kabel;0,06;0,23;0,17;0,12;0,11;0,1;0,1;;;
83;510;15;Installations-/anslutningskabel;150-240 mm²;m kabel;0,07;0,27;0,21;0,14;0,13;0,12;0,11;;;
84;510;20;Tillägg mantlad EKLK;;m kabel;;;;0,04;;;;;;
85;512;10;Styrkabel 1,0-1,5 mm²;<10 led;m kabel;0,03;0,12;0,08;0,03;0,05;0,04;0,03;;;
86;512;11;Styrkabel 1,5 mm² 11-20 led;alt 1,0 mm² 11-30 led;m kabel;0,04;0,12;0,11;0,05;0,06;0,05;0,05;;;
87;512;12;Styrkabel 1,5 mm² 21-30 led;alt 1,0 mm² 31-50 led;m kabel;0,04;0,15;0,14;0,07;0,07;0,07;0,07;;;
88;518;10;Lågspänningskabel 1 kV;t.o.m. 2,5 mm²;m kabel;0,03;0,03;0,12;0,08;0,07;0,05;0,04;0,03;0,02;
89;518;11;Lågspänningskabel 1 kV;4-6 mm²;m kabel;0,04;0,04;0,12;0,09;0,08;0,05;0,05;0,05;0,02;
90;518;12;Lågspänningskabel 1 kV;10-16 mm²;m kabel;0,04;0,05;0,16;0,13;0,09;0,07;0,07;0,08;0,02;
91;518;13;Lågspänningskabel 1 kV;25-50 mm²;m kabel;0,05;0,06;0,19;0,16;0,12;0,09;0,09;0,09;0,02;
92;518;14;Lågspänningskabel 1 kV;70-120 mm²;m kabel;0,06;0,07;0,23;0,19;0,14;0,11;0,11;0,1;0,03;
93;518;15;Lågspänningskabel 1 kV;150-240 mm²;m kabel;0,07;0,09;0,27;0,23;0,17;0,13;0,12;0,11;0,03;
94;518;20;Tillägg koppar 95-300;;m kabel;;0,02;0,02;0,02;;0,02;0,02;;;
95;529;10;Mellanspänningskabel 6 mm²;;m kabel;0,03;0,03;0,05;0,02;0,02;0,02;0,03;;;
96;529;11;Mellanspänningskabel 10-25 mm²;;m kabel;0,04;0,05;0,07;0,03;0,03;0,03;0,04;;;
97;529;12;Mellanspänningskabel 35-50 mm²;;m kabel;0,05;0,06;0,08;0,04;0,04;0,04;0,05;;;
98;529;13;Mellanspänningskabel 50-70 mm²;;m kabel;0,05;0,07;0,09;0,04;0,05;0,1;0,12;;;
99;529;14;Mellanspänningskabel 95-120 mm²;;m kabel;0,06;0,09;0,11;0,05;0,06;0,12;0,14;;;
100;533;10;Kabelstege montage;<300 mm;bärare;0,3;0,35;0,4;0,45;;;;;;
101;533;11;Kabelstege montage;400-600 mm;bärare;0,4;0,46;0,52;0,58;;;;;;
102;533;12;Förankring med flagglina;Horisontell;förankring;;;;;;; ;;;
103;533;13;Förankring med flagglina;Vertikal;förankring;;;;;;; ;;;
104;535;10;Jordlina 4-6 mm²;Cu/Al/MK/RK;m lina;0,02;0,12;0,05;0,04;0,02;0,01;;;;
105;535;11;Jordlina 10-16 mm²;;m lina;0,02;0,12;0,07;0,06;0,02;0,01;;;;
106;535;12;Jordlina 25-50 mm²;;m lina;0,03;0,15;0,09;0,08;0,03;0,02;;;;
107;535;13;Jordlina 70-95 mm²;;m lina;0,04;0,18;0,13;0,1;0,05;0,03;;;;
108;535;14;Jordlina 120-150 mm²;;m lina;0,06;0,22;0,17;0,11;0,09;0,05;;;;
109;535;15;Jordlina 150-185 mm²;;m lina;0,07;0,28;0,21;0,12;0,11;0,04;;;;
110;537;10;Datakabel;<10 mm;m;0,02;;;;;;; ;;
111;537;11;Datakabel;>10 mm;m;0,03;;;;;;; ;;
112;539;10;Najning av datakabel;Horisontell;m bunt kabel;0,02;;;;;;; ;;
113;539;11;Najning av datakabel;Vertikal;m bunt kabel;0,03;;;;;;; ;;
114;544;10;Rengöra kabelände;10 par;kabelände;;;;;;; ;;;
115;662;10;Brattberg MCT - RGP 50/100;Vägg;packningsutrymme;0,36;;;;;;; ;;
116;662;11;Brattberg MCT - RGP 50/100;Golv;packningsutrymme;;0,73;;;;;;; ;
117;662;12;Roxtec brandtätning;Vägg;packningsutrymme;0,38;;;;;;; ;;
118;662;13;Roxtec brandtätning;Golv;packningsutrymme;0,75;;;;;;; ;;
119;666;10;Torstop - brandtätning i färdigborrat hål;;brandtätning;;;;;;; ;;;
120;684;11;Dosskoppling kron-/gruppdosa;∅2,5 mm²;dosa;;;;;;; ;;;
121;684;12;Dosskoppling kron-/gruppdosa;4-6 mm²;dosa;;;;;;; ;;;
122;684;13;Dosskoppling kron-/gruppdosa;10-16 mm²;dosa;;;;;;; ;;;
123;684;16;Stigardosa m. plint;<6 mm²;dosa;;;;;;; ;;;
124;690;10;Kulodosa;Oavsett underlag;dosa;0,39;0,3;;;;;;; ;
125;692;10;Kapslad dosa;<2,5 mm²;dosa;0,46;0,39;;;;;;; ;
126;692;11;Kapslad dosa;4-6 mm²;dosa;0,52;0,45;;;;;;; ;
127;692;12;Kapslad dosa;10-16 mm²;dosa;0,58;0,52;;;;;;; ;
128;693;10;Dosa m. uttag på stege;<2,5 mm²;dosa;;;;;;; ;;;
129;693;11;Dosa m. uttag på stege;4-6 mm²;dosa;;;;;;; ;;;
130;693;12;Dosa m. uttag på stege;10-16 mm²;dosa;;;;;;; ;;;
131;694;10;Lock m. tryckfäste;;lock;0,01;0,02;;;;;;; ;
132;696;10;Täcklock;;lock;0,01;0,02;;;;;;; ;
133;710;10;Värmekabel i rör;Metallmantlad m. PVC;m;0,07;;;;;;; ;;
134;710;15;Värmekabel i rör;Plastmantlad;m;0,03;;;;;;; ;;
135;712;10;Förläggning värmekabel;Betong botten;m;0,03;;;;;;; ;;
136;712;11;Förläggning värmekabel;Isolering m. armering;m;0,04;;;;;;; ;;
137;718;10;Golvvärmekabel;På armering;m;0,07;;;;;;; ;;
138;718;11;Värmekabelmatta;Oavsett;m²;;0,35;;;;;;; ;
139;721;11;Stick-/hylskontakt;4-6-pol;kabelkontakt;;;;;;; ;;;
140;724;10;Fylla dosa m. tätningsmassa;;dosa;;;;;;; ;;;
141;724;11;Tätningsmassa kabelgenomföring;;genomföring;;;;;;; ;;;
142;998;10;Kabeldragning på hylla/stege;Motordriven; m kabel;0,02;0,01;;;;;;; ;
143;998;12;Kabeldragning i mark;Motordriven;m kabel;0,05;0,04;;;;;;; ;
144;998;14;Dosuppsättning eller dosskoppling;Motordriven;arbetsställe;0,09;0,06;;;;;;; ;
145;999;10;Allmänt;övriga moment;-;;;;;;; ;;;
146;1001;10;Dragning kabel i trångt utrymme;<16 mm²;m kabel;0,06;0,07;0,08;0,09;;;;;;
147;1001;11;Dragning kabel i trångt utrymme;25-50 mm²;m kabel;0,07;0,08;0,09;0,1;;;;;;
148;1001;12;Dragning kabel i trångt utrymme;70-120 mm²;m kabel;0,08;0,09;0,1;0,12;;;;;;
149;1002;10;Montering kabel på vägg;<16 mm²;m kabel;0,05;0,06;0,07;0,08;;;;;;
150;1002;11;Montering kabel på vägg;25-50 mm²;m kabel;0,06;0,07;0,08;0,09;;;;;;
151;1002;12;Montering kabel på vägg;70-120 mm²;m kabel;0,07;0,08;0,09;0,1;;;;;;
152;1003;10;Montering kabel i tak;<16 mm²;m kabel;0,06;0,07;0,08;0,09;;;;;;
153;1003;11;Montering kabel i tak;25-50 mm²;m kabel;0,07;0,08;0,09;0,1;;;;;;
154;1003;12;Montering kabel i tak;70-120 mm²;m kabel;0,08;0,09;0,1;0,12;;;;;;
155;1004;10;Dragning kabel vertikalt;<16 mm²;m kabel;0,07;0,08;0,09;0,1;;;;;;
156;1004;11;Dragning kabel vertikalt;25-50 mm²;m kabel;0,08;0,09;0,1;0,12;;;;;;
157;1004;12;Dragning kabel vertikalt;70-120 mm²;m kabel;0,09;0,1;0,11;0,13;;;;;;
158;1005;10;Infästning kabel;<16 mm²;st;0,02;0,03;0,04;0,05;;;;;;
159;1005;11;Infästning kabel;25-50 mm²;st;0,03;0,04;0,05;0,06;;;;;;
160;1005;12;Infästning kabel;70-120 mm²;st;0,04;0,05;0,06;0,07;;;;;;
161;1010;10;Kabeldragning på stege;<25 mm²;m kabel;0,03;0,04;0,05;0,06;;;;;;
162;1010;11;Kabeldragning på stege;35-50 mm²;m kabel;0,04;0,05;0,06;0,07;;;;;;
163;1010;12;Kabeldragning på stege;70-120 mm²;m kabel;0,05;0,06;0,07;0,08;;;;;;
164;1010;13;Kabeldragning på stege;150-240 mm²;m kabel;0,06;0,07;0,08;0,09;;;;;;
165;1015;10;Montering på kabelstege;<25 mm²;m kabel;0,04;0,05;0,06;0,07;;;;;;
166;1015;11;Montering på kabelstege;35-50 mm²;m kabel;0,05;0,06;0,07;0,08;;;;;;
167;1015;12;Montering på kabelstege;70-120 mm²;m kabel;0,06;0,07;0,08;0,09;;;;;;
168;1015;13;Montering på kabelstege;150-240 mm²;m kabel;0,07;0,08;0,09;0,1;;;;;;
169;1020;10;Kabeldragning i rör;<16 mm²;m kabel;0,06;0,07;0,08;0,09;;;;;;
170;1020;11;Kabeldragning i rör;25-50 mm²;m kabel;0,07;0,08;0,09;0,1;;;;;;
171;1020;12;Kabeldragning i rör;70-120 mm²;m kabel;0,08;0,09;0,1;0,12;;;;;;
172;1030;10;Kabel i mark (direktförläggning);<25 mm²;m kabel;0,08;0,09;0,1;0,12;;;;;;
173;1030;11;Kabel i mark (direktförläggning);35-50 mm²;m kabel;0,09;0,1;0,11;0,13;;;;;;
174;1030;12;Kabel i mark (direktförläggning);70-120 mm²;m kabel;0,1;0,11;0,12;0,14;;;;;;
175;1030;13;Kabel i mark (direktförläggning);150-240 mm²;m kabel;0,12;0,13;0,14;0,16;;;;;;
176;1040;10;Avslut i dosa;<2,5 mm²;st;0,04;0,05;0,06;0,07;;;;;;
177;1040;11;Avslut i dosa;4-6 mm²;st;0,05;0,06;0,07;0,08;;;;;;
178;1040;12;Avslut i dosa;10-16 mm²;st;0,06;0,07;0,08;0,09;;;;;;
179;1040;13;Avslut i dosa;25-50 mm²;st;0,07;0,08;0,09;0,1;;;;;;
180;1040;14;Avslut i dosa;70-120 mm²;st;0,08;0,09;0,1;0,11;;;;;;
181;1050;10;Förbindelseledning mellan dosor;<2,5 mm²;m;0,02;0,03;0,03;0,04;;;;;;
182;1050;11;Förbindelseledning mellan dosor;4-6 mm²;m;0,03;0,04;0,05;0,06;;;;;;
183;1050;12;Förbindelseledning mellan dosor;10-16 mm²;m;0,04;0,05;0,06;0,07;;;;;;
184;1050;13;Förbindelseledning mellan dosor;25-50 mm²;m;0,05;0,06;0,07;0,08;;;;;;
185;1050;14;Förbindelseledning mellan dosor;70-120 mm²;m;0,06;0,07;0,08;0,09;;;;;;
186;1060;10;Montering kopplingsdosa i vägg;<2,5 mm²;dosa;0,22;0,25;0,28;0,31;;;;;;
187;1060;11;Montering kopplingsdosa i vägg;4-6 mm²;dosa;0,24;0,27;0,3;0,33;;;;;;
188;1060;12;Montering kopplingsdosa i vägg;10-16 mm²;dosa;0,27;0,3;0,33;0,36;;;;;;
189;1060;13;Montering kopplingsdosa i vägg;25-50 mm²;dosa;0,31;0,34;0,37;0,4;;;;;;
190;1070;10;Montering utanpåliggande dosa;<2,5 mm²;dosa;0,29;0,32;0,35;0,38;;;;;;
191;1070;11;Montering utanpåliggande dosa;4-6 mm²;dosa;0,31;0,34;0,37;0,4;;;;;;
192;1070;12;Montering utanpåliggande dosa;10-16 mm²;dosa;0,34;0,37;0,4;0,43;;;;;;
193;1070;13;Montering utanpåliggande dosa;25-50 mm²;dosa;0,38;0,41;0,44;0,47;;;;;;
194;1080;10;Montering takdosa infälld;<2,5 mm²;dosa;0,33;0,36;0,39;0,42;;;;;;
195;1080;11;Montering takdosa infälld;4-6 mm²;dosa;0,36;0,39;0,42;0,45;;;;;;
196;1080;12;Montering takdosa infälld;10-16 mm²;dosa;0,39;0,42;0,45;0,48;;;;;;
197;1080;13;Montering takdosa infälld;25-50 mm²;dosa;0,43;0,46;0,49;0,52;;;;;;
198;1090;10;Montering väggdosa infälld;<2,5 mm²;dosa;0,27;0,3;0,33;0,36;;;;;;
199;1090;11;Montering väggdosa infälld;4-6 mm²;dosa;0,3;0,33;0,36;0,39;;;;;;
200;1090;12;Montering väggdosa infälld;10-16 mm²;dosa;0,33;0,36;0,39;0,42;;;;;;
201;1090;13;Montering väggdosa infälld;25-50 mm²;dosa;0,37;0,4;0,43;0,46;;;;;;
202;1100;10;Lockmontering på dosa;<2,5 mm²;lock;0,01;0,02;;;;;;; ;
203;1100;11;Lockmontering på dosa;4-6 mm²;lock;0,02;0,03;;;;;;; ;
204;1100;12;Lockmontering på dosa;10-16 mm²;lock;0,03;0,04;;;;;;; ;
205;1110;10;Kabelskydd - montering plast;<75 mm;m;0,01;0,02;;;;;;; ;
206;1110;11;Kabelskydd - montering metall;>75 mm;m;0,02;0,03;;;;;;; ;
207;1110;12;Kabelskydd - montage runt hörn;;m;0,03;0,04;;;;;;; ;
208;1120;10;Brandtätning;<2 kablar;st;0,13;0,15;;;;;;; ;
209;1120;11;Brandtätning;3-5 kablar;st;0,18;0,21;;;;;;; ;
210;1120;12;Brandtätning;>5 kablar;st;0,23;0,26;;;;;;; ;
211;1130;10;Kabelmärkning - etikett;<25 mm²;st;0,01;0,02;;;;;;; ;
212;1130;11;Kabelmärkning - etikett;35-50 mm²;st;0,02;0,03;;;;;;; ;
213;1130;12;Kabelmärkning - etikett;70-120 mm²;st;0,03;0,04;;;;;;; ;
214;1130;13;Kabelmärkning - skylt;<50 mm²;st;0,03;0,04;;;;;;; ;
215;1130;14;Kabelmärkning - skylt;>50 mm²;st;0,04;0,05;;;;;;; ;
216;1140;10;Skruvklammer montering;<16 mm²;st;0,02;0,03;;;;;;; ;
217;1140;11;Skruvklammer montering;25-50 mm²;st;0,03;0,04;;;;;;; ;
218;1140;12;Skruvklammer montering;70-120 mm²;st;0,04;0,05;;;;;;; ;
219;1150;10;Najning kabelpaket horisontellt;<35 mm²;m bunt;0,02;0,03;;;;;;; ;
220;1150;11;Najning kabelpaket vertikalt;<35 mm²;m bunt;0,04;0,05;;;;;;; ;
221;1150;12;Najning kabelpaket horisontellt;>35 mm²;m bunt;0,03;0,04;;;;;;; ;
222;1150;13;Najning kabelpaket vertikalt;>35 mm²;m bunt;0,05;0,06;;;;;;; ;
223;1160;10;Potentialutjämning - montering pot-skena;<6 mm²;st;0,14;;;;;;; ;;
224;1160;11;Potentialutjämning - montering pot-skena;<16 mm²;st;0,21;;;;;;; ;;
225;1160;12;Potentialutjämning - montering jordband;<10 mm²;st;0,1;;;;;;; ;;
226;1160;13;Potentialutjämning - multiklämma 1 skruv;st;0,1;;;;;;; ;;;
227;1160;14;Potentialutjämning - multiklämma 4 skruv;st;0,14;;;;;;; ;;;
228;1170;10;Värmekabel montering - betongbotten;Metallmantlad;m;0,03;;;;;;; ;;
229;1170;11;Värmekabel montering - trappor;Metallmantlad;m;0,06;;;;;;; ;;
230;1170;12;Värmekabel montering - sand/leca;m;0,02;;;;;;; ;;;
231;1170;13;Värmekabel montering - armering;m;0,04;;;;;;; ;;;
232;1170;14;Värmekabel montering - takränna;Snäppklamma;m;0,02;;;;;;; ;;
233;1170;15;Värmekabel montering - takränna;Skruvklamma;m;0,08;;;;;;; ;;
234;1170;16;Värmekabel montering - stuprör;Lös wire;m;0,04;;;;;;; ;;
235;1175;10;Avlasta värmekabel;Stuprör lös wire;st;0,09;;;;;;; ;;
236;1175;11;Avlasta värmekabel;Stuprör ingjuten wire;st;0,16;;;;;;; ;;
237;1180;10;Skarva värmekabel;<2,5 mm²;st;0,03;;;;;;; ;;
238;1180;11;Sammanlöda blymantlar;Rak skarv;st;0,23;;;;;;; ;;
239;1180;12;Tillkommande blymantel;Grenskarv;ände;0,15;;;;;;; ;;
240;1185;10;Golvvärmekabel;På armering;m;0,07;;;;;;; ;;
241;1185;11;Värmekabelmatta;Oavsett;m²;0,35;;;;;;; ;;
242;1190;10;Termostat montering;Kapslad;st;0,43;;;;;;; ;;
243;1190;11;Termostat montering;Infälld/utvändig;st;0,37;;;;;;; ;;
244;1190;12;Givarkabel inkl. rör;;st;0,15;;;;;;; ;;
245;1190;13;Žndavslutning värmekabel/matta;;st;0,24;;;;;;; ;;
246;1200;10;Snabbkopplingssystem - förgreningsdon;t.o.m. 4 ijackningar;st;0,15;;;;;;; ;;
247;1200;11;Snabbkopplingssystem - dosa;t.o.m. 8 ijackningar;st;0,2;;;;;;; ;;
248;1200;12;Snabbkopplingssystem - uttagsenhet;På stege/ränna;st;0,14;;;;;;; ;;
249;1200;13;Stick-/hylskontakt;<3-pol;st;0,09;;;;;;; ;;
250;1200;14;Stick-/hylskontakt;4-6-pol;st;0,13;;;;;;; ;;
251;1200;15;Vägguttag snabbkoppling;I kanal;st;0,13;;;;;;; ;;
252;1200;16;Fasväljare - ställning;;st;0,02;;;;;;; ;;
253;1200;17;Skarvning kablage;inkl. uppordning;st;0,03;;;;;;; ;;
254;1210;10;Tätningsmassa i dosa;;dosa;0,12;;;;;;; ;;
255;1210;11;Uppsättning undertakskassett;Ej skruvfast;st;0,04;;;;;;; ;;
256;1210;12;Uppsättning undertakskassett;Fastsatt med skruv;st;0,06;;;;;;; ;;
257;1220;10;Tillägg rullställning;Kabeldragning på stege;m kabel;0,02;0,01;;;;;;; ;
258;1220;11;Tillägg rullställning;Najning;m kabelstege;0,04;0,03;;;;;;; ;
259;1220;12;Tillägg rullställning;Kabelförläggning på lina;m lina;0,04;0,03;;;;;;; ;
260;1220;13;Tillägg rullställning;Kabelförläggning på underlag;m förl.sträcka;0,04;0,03;;;;;;; ;
261;1220;14;Tillägg rullställning;Dosuppsättning/-koppling;arbetsställe;0,09;0,06;;;;;;; ;
262;1220;15;Tillägg rullställning;Kabeldragning i rör;arbetsställe;0,09;0,06;;;;;;; ;
263;502;10;Apparat t.o.m. 3 inkopplingar;Infälld = -0 / Utvändig 1 kabel = -1 / Utvändig 2 kablar = -2 / Kapslad 1 kabel = -3 / Kapslad 2 kablar = -4;apparat;0,12;0,18;;0,21;;;;;;
264;502;11;Apparat 4–6 inkopplingar;Infälld = -0 / Utvändig 1 = -1 / Utvändig 2 = -2 / Kapslad 1 = -3 / Kapslad 2 = -4;apparat;0,15;0,22;0,23;0,24;0,27;;;;;
265;502;12;Apparat 7–10 inkopplingar;Infälld = -0 / Utvändig 1 = -1 / Utvändig 2 = -2 / Kapslad 1 = -3 / Kapslad 2 = -4;apparat;0,22;0,3;0,34;0,33;0,37;;;;;
266;507;10;Tillägg: skruvringsfastsatt apparat, beordrad både klo och skruvring;—;apparat;0,01;;;;;;;;;
267;507;12;Tillägg: fastsätta täcklock med 4 skruv (inkl 4 täckpluggar);Oavsett underlag;lock;0,09;;;;;;;;;
268;507;14;Tillägg: tillkommande fästskruv;—;skruv;0,02;;;;;;;;;
269;507;15;Tillägg: tillkommande inkopplingar;—;inkoppling;0,02;;;;;;;;;
270;507;16;Tillägg: explosionsskyddad apparat;—;apparat;0,07;;;;;;;;;
271;507;17;Tillägg: montage­detalj utöver 5 st i apparat;—;detalj;0,02;;;;;;;;;
272;524;10;Stickpropp/skarvuttag 2-pol m jorddon, max 10 A;—;uttag etc;0,07;;;;;;;;;
273;524;11;Stickpropp/skarvuttag 4-pol + jorddon, max 16 A;—;uttag etc;0,12;;;;;;;;;
274;528;10;Relä/kontaktor/motorskyddsbrytare m.m. (max 12 inkoppl.);Ledararea: t.o.m. 2,5 = -0 / 4–6 = -1 / 10–16 = -2 / 25–35 = -3;apparat;0,44;0,52;0,66;0,8;;;;;;
275;528;11;D:o med snäppfastsättning i skena (inkl ev. låsning);Ledararea: t.o.m. 2,5 = -0 / 4–6 = -1 / 10–16 = -2 / 25–35 = -3;apparat;0,31;0,39;0,53;0,67;;;;;;
276;529;10;Normkapsling utvändig uppsättning (t.o.m. 6 mod), lock skruv/snäpp;Oavsett underlag;box;0,16;;;;;;;;;
277;529;11;Normkapsling kapslad (t.o.m. 6 mod), lock skruv/snäpp;Oavsett underlag;box;0,32;;;;;;;;;
278;535;10;CEE/Internationell standard CUI 216/316/416;Ansluten max 2,5 mm²;uttag;0,37;;;;;;;;;
279;535;11;CEE/Internationell standard CUI 332/432;Ansluten max 6 mm²;uttag;0,47;;;;;;;;;
280;535;12;CEE/Internationell standard CUI 363/463;Ansluten max 16 mm²;uttag;0,56;;;;;;;;;
281;535;13;CEE/Internationell standard CUB 316/416;Ansluten max 6 mm²;uttag;0,52;;;;;;;;;
282;535;14;CEE/Internationell standard CUB 332/432;Ansluten max 6 mm²;uttag;0,61;;;;;;;;;
283;535;15;CEE/Internationell standard CUB 363/463;Ansluten max 16 mm²;uttag;0,77;;;;;;;;;
284;538;10;Stickpropp/skarvuttag CEE 216;—;stickpropp eller uttag;0,19;;;;;;;;;
285;538;11;Stickpropp/skarvuttag CEE 316;—;stickpropp eller uttag;0,21;;;;;;;;;
286;538;12;Stickpropp/skarvuttag CEE 416;—;stickpropp eller uttag;0,22;;;;;;;;;
287;538;13;Stickpropp/skarvuttag CEE 332;—;stickpropp eller uttag;0,25;;;;;;;;;
288;538;14;Stickpropp/skarvuttag CEE 432;—;stickpropp eller uttag;0,26;;;;;;;;;
289;538;15;Stickpropp/skarvuttag CEE 363;—;stickpropp eller uttag;0,33;;;;;;;;;
290;538;16;Stickpropp/skarvuttag CEE 463;—;stickpropp eller uttag;0,36;;;;;;;;;
291;542;10;Strömställare 3-pol t.o.m. 16 A;Ansluten max 2,5 mm²;apparat;0,61;;;;;;;;;
292;542;11;Strömställare 3-pol t.o.m. 40 A;Ansluten max 6 mm²;apparat;0,93;;;;;;;;;
293;542;12;Strömställare 3-pol t.o.m. 80 A;Ansluten max 16 mm²;apparat;1,35;;;;;;;;;
294;542;13;Strömställare 3-pol t.o.m. 125 A;Ansluten max 35 mm²;apparat;1,59;;;;;;;;;
295;544;10;Strömställare 6-pol t.o.m. 16 A;Ansluten max 2,5 mm²;apparat;1,11;;;;;;;;;
296;544;11;Strömställare 6-pol t.o.m. 40 A;Ansluten max 6 mm²;apparat;1,37;;;;;;;;;
297;544;12;Strömställare 6-pol t.o.m. 80 A;Ansluten max 16 mm²;apparat;1,97;;;;;;;;;
298;544;13;Strömställare 6-pol t.o.m. 125 A;Ansluten max 35 mm²;apparat;2,45;;;;;;;;;
299;546;10;Strömställare/omkopplare;Max 2,5 mm²;apparat;0,7;;;;;;;;;
300;548;10;Motorskyddsbrytare;Ansluten t.o.m. 2,5 mm²;apparat;0,67;;;;;;;;;
301;548;11;Motorskyddsbrytare;Ansluten 4–6 mm²;apparat;0,93;;;;;;;;;
302;550;10;Kontaktor med manövrering i locket;Ansluten t.o.m. 2,5 mm²;apparat;0,71;;;;;;;;;
303;550;11;Kontaktor med manövrering i locket;Ansluten 4–6 mm²;apparat;0,99;;;;;;;;;
304;552;10;Kontaktor med en signal- eller manöverledning;Ansluten t.o.m. 2,5 mm²;apparat;0,89;;;;;;;;;
305;552;11;Kontaktor med en signal- eller manöverledning;Ansluten 4–6 mm²;apparat;1,17;;;;;;;;;
306;554;10;Kontaktormotorskydd med manövrering i locket;Ansluten t.o.m. 2,5 mm²;apparat;0,77;;;;;;;;;
307;554;11;Kontaktormotorskydd med manövrering i locket;Ansluten 4–6 mm²;apparat;1,04;;;;;;;;;
308;556;10;Kontaktormotorskydd med en signal- eller manöverkabel;Ansluten t.o.m. 2,5 mm²;apparat;0,95;;;;;;;;;
309;556;11;Kontaktormotorskydd med en signal- eller manöverkabel;Ansluten 4–6 mm²;apparat;1,22;;;;;;;;;
310;558;10;Tryckknapps-/signallamplåda t.o.m. 3 apparater;En funktion i vardera, ansluten t.o.m. 2,5 mm²;låda;0,48;;;;;;;;;
311;998;10;Tillägg rullställning 4–10 m vid apparatuppsättning;Motordrivna/ej motordrivna = -0 / Motordr. från arbetsplattform = -1;arbetsställe;0,09;0,06;;;;;;;;
312;500;10;Mätartavla 1-pol 25 A;Rör = -0 / Kabel = -1;tavla;0,65;0,78;;;;;;;;
313;500;11;Mätartavla 1-pol 25 A med avgreningsplint;Rör = -0 / Kabel = -1;tavla;1,12;1,28;;;;;;;;
314;500;12;Mätartavla 3-pol 25 A;Rör = -0 / Kabel = -1;tavla;0,99;1,1;;;;;;;;
315;500;13;Mätartavla 3-pol 25 A med avgreningsplint;Rör = -0 / Kabel = -1;tavla;1,53;1,7;;;;;;;;
316;500;14;Mätartavla 3-pol 63 A;Rör = -0 / Kabel = -1;tavla;1,33;1,45;;;;;;;;
317;500;15;Mätartavla 3-pol 63 A med avgreningsplint;Rör = -0 / Kabel = -1;tavla;1,97;2,15;;;;;;;;
318;500;16;Apparattavla för 1 kopplingsur/relä/trappautomat inkl märkning;Rör = -0 / Kabel = -1;tavla;0,76;0,88;;;;;;;;
319;501;10;Mätarblock av standardtavlor 1–3-pol, 2 mätarplatser;Rör = -0 / Kabel = -1;block;1,3;1,35;;;;;;;;
320;501;11;Mätarblock standard 3 platser;Rör = -0 / Kabel = -1;block;1,82;1,93;;;;;;;;
321;501;12;Mätarblock standard 4 platser;Rör = -0 / Kabel = -1;block;2,2;2,35;;;;;;;;
322;502;10;Mätarblock kompakta 1–3-pol 25 A, 1 plats;Rör = -0 / Kabel = -1;block;0,97;0,98;;;;;;;;
323;502;11;Mätarblock kompakta, 2 platser;Rör = -0 / Kabel = -1;block;1,35;1,42;;;;;;;;
324;502;12;Mätarblock kompakta, 3 platser;Rör = -0 / Kabel = -1;block;1,6;1,72;;;;;;;;
325;502;13;Mätarblock kompakta, 4 platser;Rör = -0 / Kabel = -1;block;1,87;2,03;;;;;;;;
326;502;14;Mätarblock kompakta, 6 platser;Rör = -0 / Kabel = -1;block;2,32;2,57;;;;;;;;
327;502;15;Mätarblock kompakta, 1-pol 9 platser;Rör = -0 / Kabel = -1;block;2,21;2,7;;;;;;;;
328;502;16;Mätarblock kompakta, 3-pol 9 platser;Rör = -0 / Kabel = -1;block;2,73;3,62;;;;;;;;
329;504;10;Montering mätare 1-pol t.o.m. 25 A;Tavla/skåp = -0 / Block = -1;mätare;0,53;0,45;;;;;;;;
330;504;11;Montering mätare 3-pol 25–63 A;Tavla/skåp = -0 / Block = -1;mätare;0,73;0,62;;;;;;;;
331;600;10;Utanpåliggande mätarskåp 3-pol t.o.m. 25 A;Oavsett underlag;skåp;1,19;;;;;;;;;
332;600;11;Utanpåliggande mätarskåp 3-pol t.o.m. 63 A;Oavsett underlag;skåp;1,5;;;;;;;;;
333;601;10;Infällt mätarskåp 3-pol 25 A;I regelverk (≤30 mm) = -0 / I färdig slits = -1;skåp;1,52;1,06;;;;;;;;
334;601;11;Infällt mätarskåp 3-pol 63 A;I regelverk (≤30 mm) = -0 / I färdig slits = -1;skåp;1,73;1,26;;;;;;;;
335;602;10;Tillkommande mätarplats;Oavsett underlag;plats;0,77;;;;;;;;;
336;510;10;Brytare t.o.m. 40 A / 6 mm²;I centralkombinationer; brytare;0,69;;;;;;;;;
337;510;11;Brytare t.o.m. 80 A / 16 mm²;I centralkombinationer; brytare;0,85;;;;;;;;;
338;510;12;Brytare t.o.m. 160 A / 70 mm²;Kombination eller separat, max 2 kablar; brytare;1,75;;;;;;;;;
339;510;13;Brytare t.o.m. 320 A / 185 mm²;Kombination eller separat, max 2 kablar; brytare;2,81;;;;;;;;;
340;512;10;Gruppcentral G II t.o.m. 3 säkringsapparater;Rör = -0 / Kabel = -1;central;0,8;0,93;;;;;;;;
341;512;11;Gruppcentral G II 4–6 säkringsapparater;Rör = -0 / Kabel = -1;central;1,02;1,29;;;;;;;;
342;512;12;Gruppcentral G II 7–12 säkringsapparater;Rör = -0 / Kabel = -1;central;1,47;1,91;;;;;;;;
343;512;13;Gruppcentral G II 13–18 säkringsapparater;Rör = -0 / Kabel = -1;central;1,71;2,25;;;;;;;;
344;512;14;Gruppcentral G II 19–27 säkringsapparater;Rör = -0 / Kabel = -1;central;2,63;3,49;;;;;;;;
345;512;15;Gruppcentral G II 28–36 säkringsapparater;Rör = -0 / Kabel = -1;central;3,31;4,37;;;;;;;;
346;513;10;Gruppcentral G III t.o.m. 3 säkringsapparater;Rör = -0 / Kabel = -1;central;1;1,1;;;;;;;;
347;513;11;Gruppcentral G III 4–6 säkringsapparater;Rör = -0 / Kabel = -1;central;1,42;1,63;;;;;;;;
348;513;12;Gruppcentral G III 7–12 säkringsapparater;Rör = -0 / Kabel = -1;central;2,26;2,68;;;;;;;;
349;513;13;Gruppcentral G III 13–18 säkringsapparater;Rör = -0 / Kabel = -1;central;2,85;3,49;;;;;;;;
350;514;10;Kopplingsränna KL 3–12, KLH 2–4 (exkl. fördelningsplint);Rör = -0 / Kabel = -1;ränna;0,26;0,26;;;;;;;;
351;514;11;Kopplingsränna inkl. fördelningsplint PLK 116–425;Rör = -0 / Kabel = -1;ränna;1,25;1,25;;;;;;;;
352;516;10;Infälld mediacentral max 75 cm;Oavsett underlag;per mediacentral;1,5;;;;;;;;;
353;516;11;Infälld mediacentral max 150 cm;Oavsett underlag;per mediacentral;1,8;;;;;;;;;
354;517;10;Infälld automatsäkrings/multimediacentral – låda ≤75 cm, t.o.m. 12 mod;Oavsett underlag;central;3,3;;;;;;;;;
355;517;11;D:o – låda ≤75 cm, t.o.m. 21 mod;Oavsett underlag;central;4,2;;;;;;;;;
356;517;12;D:o – låda ≤75 cm, t.o.m. 30 mod;Oavsett underlag;central;4,95;;;;;;;;;
357;517;13;D:o – låda ≤75 cm, t.o.m. 39 mod;Oavsett underlag;central;5,85;;;;;;;;;
358;517;14;D:o – låda ≤150 cm, t.o.m. 12 mod;Oavsett underlag;central;3,55;;;;;;;;;
359;517;16;D:o – låda ≤150 cm, t.o.m. 21 mod;Oavsett underlag;central;4,45;;;;;;;;;
360;517;17;D:o – låda ≤150 cm, t.o.m. 30 mod;Oavsett underlag;central;5,25;;;;;;;;;
361;517;18;D:o – låda ≤150 cm, t.o.m. 39 mod;Oavsett underlag;central;6,15;;;;;;;;;
362;617;10;Tillägg: ihopmontering av 2 separata lådor;—;ihopmontering;0,15;;;;;;;;;
363;617;11;Tillägg: inkoppling inkom/utg. kablar >6–16 mm² (max 63 A);—;central;0,6;;;;;;;;;
364;617;12;Tillägg: snäppfästa separat apparat i automatsäkringscentral;—;apparat;0,02;;;;;;;;;
365;518;10;Utanpåliggande mediacentral max 75 cm;Oavsett underlag;per mediacentral;0,44;;;;;;;;;
366;518;11;Utanpåliggande mediacentral max 75 cm, kapslad IP44–67;Oavsett underlag;per mediacentral;0,54;;;;;;;;;
367;519;10;Utanpåliggande automatsäkrings/multimediacentral ≤120 cm, t.o.m. 12 mod;Oavsett underlag;central;2,22;;;;;;;;;
368;519;11;D:o ≤120 cm, t.o.m. 21 mod;Oavsett underlag;central;3,03;;;;;;;;;
369;519;12;D:o ≤120 cm, t.o.m. 30 mod;Oavsett underlag;central;3,21;;;;;;;;;
370;519;13;D:o ≤120 cm, t.o.m. 39 mod;Oavsett underlag;central;3,84;;;;;;;;;
371;519;14;Kapslad ≤120 cm IP44–67, t.o.m. 12 mod;Oavsett underlag;central;2,35;;;;;;;;;
372;519;15;Kapslad ≤120 cm IP44–67, t.o.m. 21 mod;Oavsett underlag;central;3,15;;;;;;;;;
373;519;16;Kapslad ≤120 cm IP44–67, t.o.m. 30 mod;Oavsett underlag;central;3,35;;;;;;;;;
374;519;17;Kapslad ≤120 cm IP44–67, t.o.m. 39 mod;Oavsett underlag;central;3,95;;;;;;;;;
375;619;10;Tillägg: inkoppling inkom/utg. kablar >6–16 mm² (max 63 A);—;central;0,6;;;;;;;;;
376;619;11;Tillägg: snäppfästa separat apparat i automatsäkringscentral;—;apparat;0,02;;;;;;;;;
377;520;10;Kapslade centraler – brytare t.o.m. 40 A / 6 mm²;Oavsett underlag;brytare;0,89;;;;;;;;;
378;520;11;Kapslade centraler – brytare t.o.m. 80 A / 16 mm²;Oavsett underlag;brytare;1,08;;;;;;;;;
379;520;12;Kapslade centraler – brytare t.o.m. 160 A / 70 mm² (max 2 kablar);Oavsett underlag;brytare;1,84;;;;;;;;;
380;520;13;Kapslade centraler – brytare t.o.m. 320 A / 185 mm² (max 2 kablar);Oavsett underlag;brytare;3,01;;;;;;;;;
381;520;14;Kapslade centraler – brytare t.o.m. 630 A / 240 mm² (max 4 kablar);Oavsett underlag;brytare;6,1;;;;;;;;;
382;520;15;Kapslade centraler – brytare t.o.m. 1000 A / 300 mm² (max 4 kablar);Oavsett underlag;brytare;6,86;;;;;;;;;
383;522;10;Gängsäkringslåda 25 A;Oavsett underlag;låda;0,94;;;;;;;;;
384;522;11;Gängsäkringslåda 63 A;Oavsett underlag;låda;1,15;;;;;;;;;
385;522;12;Gängsäkringslåda 100 A;Oavsett underlag;låda;1,36;;;;;;;;;
386;522;13;Knivsäkrings-/säkringslastbrytare DIN 00 (≤70 mm²);Oavsett underlag;apparat;1,8;;;;;;;;;
387;522;14;D:o DIN 0 (≤120 mm²);Oavsett underlag;apparat;2,33;;;;;;;;;
388;522;15;D:o DIN 1 (≤185 mm²);Oavsett underlag;apparat;2,85;;;;;;;;;
389;522;16;D:o DIN 1 (≤240 mm²);Oavsett underlag;apparat;3,36;;;;;;;;;
390;522;17;D:o DIN 2, t.o.m. 15 ledare ≤185 mm²;Oavsett underlag;apparat;5,58;;;;;;;;;
391;522;18;D:o DIN 3, t.o.m. 15 ledare ≤300 mm²;Oavsett underlag;apparat;7,16;;;;;;;;;
392;524;10;Kapslade gruppcentraler G II t.o.m. 3 säkringsapparater;Oavsett underlag;central;1,22;;;;;;;;;
393;524;11;Kapslade G II 4–6 säkringsapparater;Oavsett underlag;central;1,51;;;;;;;;;
394;524;12;Kapslade G II 7–12 säkringsapparater;Oavsett underlag;central;1,97;;;;;;;;;
395;524;13;Kapslade G II 13–18 säkringsapparater;Oavsett underlag;central;2,6;;;;;;;;;
396;524;14;Kapslade G II 19–27 säkringsapparater;Oavsett underlag;central;3,34;;;;;;;;;
397;525;10;Kapslade gruppcentraler G III t.o.m. 6 apparater;Oavsett underlag;central;1,67;;;;;;;;;
398;525;11;Kapslade G III 7–9 apparater;Oavsett underlag;central;2,17;;;;;;;;;
399;525;12;Kapslade G III 10–12 apparater;Oavsett underlag;central;2,63;;;;;;;;;
400;525;13;Kapslade G III 13–18 apparater;Oavsett underlag;central;3,01;;;;;;;;;
401;526;10;Fördelningslåda CU-skena 12 mm, 4 flänsöppn.;Oavsett underlag;låda;1,13;;;;;;;;;
402;526;11;Fördelningslåda CU-skena 12 mm, 6 flänsöppn.;Oavsett underlag;låda;1,91;;;;;;;;;
403;526;12;Fördelningslåda CU-skena 20 mm, 4 flänsöppn.;Oavsett underlag;låda;1,94;;;;;;;;;
404;526;13;Fördelningslåda CU-skena 20 mm, 6 flänsöppn.;Oavsett underlag;låda;3,53;;;;;;;;;
405;526;14;Fördelningslåda utan skenor, 1 insats, 4 flänsöppn.;Oavsett underlag;låda;1,36;;;;;;;;;
406;526;15;Fördelningslåda utan skenor, 2 insatser, 6 flänsöppn.;Oavsett underlag;låda;2,07;;;;;;;;;
407;528;10;Övrig kapslad låda t.o.m. 5 kg;Oavsett underlag;låda;0,54;;;;;;;;;
408;528;11;Övrig kapslad låda >5–25 kg;Oavsett underlag;låda;0,75;;;;;;;;;
409;529;10;Montera separat enhet i låda/skåp – 1 skruv;Oavsett underlag;fäste etc;0,07;;;;;;;;;
410;529;15;Montera separat enhet – 2 skruv;Oavsett underlag;fäste etc;0,11;;;;;;;;;
411;529;20;Montera separat enhet – 3 skruv;Oavsett underlag;fäste etc;0,14;;;;;;;;;
412;529;25;Montera separat enhet – 4 skruv;Oavsett underlag;fäste etc;0,18;;;;;;;;;
413;529;30;Tillkommande skruv över 4;Oavsett underlag;skruv;0,04;;;;;;;;;
414;530;10;Montera samlingsskenor under gängsäkringscentral (ASEA JH IP43) m.m.;Oavsett underlag;m skena;0,09;;;;;;;;;
415;535;10;Bilvärmecentral t.o.m. 2 uttag ≤2,5 mm²;Oavsett underlag;central;0,58;;;;;;;;;
416;535;11;Bilvärmecentral t.o.m. 2 uttag 4–6 mm²;Oavsett underlag;central;0,69;;;;;;;;;
417;535;12;Bilvärmecentral t.o.m. 2 uttag 10–16 mm²;Oavsett underlag;central;0,92;;;;;;;;;
418;536;10;Bilvärmecentral med stolpe – 2 uttag enkelfläns ≤6 mm²;Oavsett underlag;central;0,88;;;;;;;;;
419;536;11;D:o med stolpe – 2 uttag 10–16 mm²;Oavsett underlag;central;1,08;;;;;;;;;
420;536;12;D:o med stolpe – dubbelfläns ≤6 mm²;Oavsett underlag;central;0,65;;;;;;;;;
421;536;13;D:o med stolpe – dubbelfläns 10–16 mm²;Oavsett underlag;central;0,82;;;;;;;;;
422;538;10;Elradiator ≤5 kg inkl väggstativ t.o.m. 5 inkoppl.;Oavsett underlag;radiator;0,37;;;;;;;;;
423;538;11;Elradiator ≤5 kg t.o.m. 10 inkoppl.;Oavsett underlag;radiator;0,45;;;;;;;;;
424;538;12;Elradiator >5–25 kg inkl väggstativ t.o.m. 5 inkoppl.;Oavsett underlag;radiator;0,52;;;;;;;;;
425;538;13;Elradiator >5–25 kg t.o.m. 10 inkoppl.;Oavsett underlag;radiator;0,6;;;;;;;;;
426;538;14;Elradiator >25–50 kg inkl väggstativ t.o.m. 5 inkoppl.;Oavsett underlag;radiator;0,82;;;;;;;;;
427;538;15;Elradiator >25–50 kg t.o.m. 10 inkoppl.;Oavsett underlag;radiator;0,9;;;;;;;;;
428;538;16;Värmelist/kamrör/annat ≤5 kg på vägg;Oavsett underlag;radiator;0,34;;;;;;;;;
429;538;17;Värmelist/kamrör/annat >5–25 kg;Oavsett underlag;radiator;0,44;;;;;;;;;
430;545;10;Spisfläkt inkl trumsats (inkl ev. konsoler);Oavsett underlag;fläkt;0,77;;;;;;;;;
431;547;10;Infälld bastupanel t.o.m. 2,5 mm²;Inbilad/regelverk = -0 / Lättbetong = -1 / Tegel f. puts = -2 / Trä inbilat = -3;panel;0,84;0,94;1;;;;;;;
432;547;11;Infälld bastupanel 6 mm²;Inbilad/regelverk = -0 / Lättbetong = -1 / Tegel f. puts = -2 / Trä inbilat = -3;panel;0,91;1,02;1,08;;;;;;;
433;549;10;Utanpåliggande bastupanel t.o.m. 2,5 mm²;Oavsett underlag;panel;0,75;;;;;;;;;
434;549;11;Utanpåliggande bastupanel t.o.m. 6 mm²;Oavsett underlag;panel;0,84;;;;;;;;;
435;551;10;Bastuaggregat – uppsättning exkl. inkoppling;Oavsett underlag;aggregat;0,64;;;;;;;;;
436;551;11;Bastuaggregat – inkl. inkoppling t.o.m. 2,5 mm²;Oavsett underlag;aggregat;0,85;;;;;;;;;
437;551;12;Bastuaggregat – inkl. inkoppling t.o.m. 6 mm²;Oavsett underlag;aggregat;0,9;;;;;;;;;
438;552;10;Strömförsörjning 15–500 VA;Oavsett underlag;apparat;0,45;;;;;;;;;
439;552;11;Strömförsörjning >500–2000 VA;Oavsett underlag;apparat;0,6;;;;;;;;;
440;552;15;Strömförsörjning >2000–5000 VA;Oavsett underlag;apparat;1,31;;;;;;;;;
441;552;20;Strömförsörjning stickproppsansluten t.o.m. 24 VA;Oavsett underlag;apparat;0,21;;;;;;;;;
442;552;21;Batterieliminator – inkoppla & ijacka i vägguttag;Oavsett underlag;apparat;0,04;;;;;;;;;
443;568;10;ASEA VDH IP65 – lastbrytare t.o.m. 63 A;Oavsett underlag;brytare;1,25;;;;;;;;;
444;568;11;ASEA VDH IP65 – lastbrytare t.o.m. 125 A;Oavsett underlag;brytare;1,66;;;;;;;;;
445;568;12;ASEA VDH IP65 – lastbrytare 250 A;Oavsett underlag;brytare;2,8;;;;;;;;;
446;568;13;ASEA VDH IP65 – lastbrytare 355 A;Oavsett underlag;brytare;3,63;;;;;;;;;
447;568;14;ASEA VDH IP65 – lastbrytare 500/800 A;Oavsett underlag;brytare;4,21;;;;;;;;;
448;569;10;ASEA VDH IP65 – lastbrytare m gängsäkring t.o.m. 63 A;Oavsett underlag;brytare;1,29;;;;;;;;;
449;569;11;ASEA VDH IP65 – lastbrytare m knivsäkring 125 A / säkringslastbrytare;Oavsett underlag;brytare;1,53;;;;;;;;;
450;569;12;ASEA VDH IP65 – säkringslastbrytare 250 A;Oavsett underlag;brytare;2,84;;;;;;;;;
451;570;10;ASEA VDH IP65 – gängsäkringslåda 25 A;Oavsett underlag;låda;1,1;;;;;;;;;
452;570;11;ASEA VDH IP65 – gängsäkringslåda 63 A;Oavsett underlag;låda;1,27;;;;;;;;;
453;570;12;ASEA VDH IP65 – knivsäkringslåda 125 A;Oavsett underlag;låda;1,52;;;;;;;;;
454;570;13;ASEA VDH IP65 – knivsäkringslåda 125 A, 2×3-pol;Oavsett underlag;låda;1,92;;;;;;;;;
455;570;14;ASEA VDH IP65 – knivsäkringslåda 250 A;Oavsett underlag;låda;2,83;;;;;;;;;
456;570;15;ASEA VDH IP65 – knivsäkringslåda 355 A;Oavsett underlag;låda;3,65;;;;;;;;;
457;570;16;ASEA VDH IP65 – knivsäkringslåda 500/800 A;Oavsett underlag;låda;4,26;;;;;;;;;
458;571;10;Gängsäkringscentraler G II t.o.m. 9 apparater;Oavsett underlag;central;1,85;;;;;;;;;
459;571;11;G II 10–15 apparater;Oavsett underlag;central;2,39;;;;;;;;;
460;571;12;G II 16–18 apparater;Oavsett underlag;central;2,59;;;;;;;;;
461;572;10;Gängsäkringscentraler G III t.o.m. 6 apparater;Oavsett underlag;central;2,07;;;;;;;;;
462;572;11;G III 7–12 apparater;Oavsett underlag;central;2,77;;;;;;;;;
463;572;12;G III 13–15 apparater;Oavsett underlag;central;2,83;;;;;;;;;
464;574;10;Övrig kapsling m strömtransformatorinsats 355/800 A;Oavsett underlag;kapsling;1,89;;;;;;;;;
465;574;11;Övrig kapsling t.o.m. 360×360 mm;Oavsett underlag;kapsling;0,7;;;;;;;;;
466;576;10;Uppställa enhet på golv/hylla ≤1,5 m höjd;Vikt: >5–50 kg = -0 / >50–100 = -1 / >100–200 = -2;enhet;0,18;0,41;1,04;;;;;;;
467;578;10;Hålat vinkel-/lådprofiljärn – inkl kapning/bockning m.m.;Oavsett underlag;profiljärn;0,23;;;;;;;;;
468;578;11;Dinskena inkl kapning t.o.m. 4 fästpunkter;Oavsett underlag;st;0,15;;;;;;;;;
469;580;10;Ankarskena t.o.m. 2 fästpunkter inkl borrning/kapning;Oavsett underlag;skena;0,3;;;;;;;;;
470;580;11;Ankarskena t.o.m. 4 fästpunkter;Oavsett underlag;skena;0,54;;;;;;;;;
471;580;12;Ankarskena t.o.m. 6 fästpunkter;Oavsett underlag;skena;0,77;;;;;;;;;
472;591;10;Uppsättning ej tidsatt – t.o.m. 1 kg;Utan fastsättning = -0 / Oavsett underlag = -1;enhet;0,05;0,1;;;;;;;;
473;591;11;Uppsättning ej tidsatt – >1–5 kg;Utan fastsättning = -0 / Oavsett underlag = -1;enhet;0,05;0,17;;;;;;;;
474;591;12;Uppsättning ej tidsatt – >5–25 kg;Utan fastsättning = -0 / Oavsett underlag = -1;enhet;0,1;0,34;;;;;;;;
475;591;13;Uppsättning ej tidsatt – >25–50 kg (≤4 skruv);Utan fastsättning = -0 / Oavsett underlag = -1;enhet;0,3;0,6;;;;;;;;
476;591;14;Tillkommande fästskruv utöver 4;Oavsett underlag;skruv;;0,12;;;;;;;;
477;591;15;Uppsättning ej tidsatt – >50–150 kg (≤6 skruv);Utan fastsättning = -0 / Oavsett underlag = -1;enhet;0,5;1,19;;;;;;;;
478;591;16;Tillkommande fästskruv utöver 6;Oavsett underlag;skruv;;0,16;;;;;;;;
479;592;10;Montera säkringssats/knivsäkring i befintlig/färdig central;Oavsett underlag;sats;0,02;;;;;;;;;
480;595;10;Märkskylt t.o.m. 7×3 cm (med skruv);Oavsett underlag;skylt;0,07;;;;;;;;;
481;595;11;Märkskylt eller ram t.o.m. 21×30 cm (med skruv);Oavsett underlag;skylt ram;0,1;;;;;;;;;
482;595;15;Märka och montera signeringsskylt;Oavsett underlag;skylt;0,04;;;;;;;;;
483;595;20;Tillverka märkskylt med märkapparat inkl montering/tejping;Oavsett underlag;skylt;0,05;;;;;;;;;
484;595;21;Tillkapa skyltlist med kap- och håltång;Oavsett underlag;skyltlist;0,02;;;;;;;;;
485;998;10;Tillägg rullställning 4–10 m – uppsättning av enheter;Motordr./ej = -0 / Motordr. från plattform = -1;arbetsställe;0,09;0,06;;;;;;;;
486;500;10;Inkoppling med skruv/bult/överfallsklamma;;inkoppling;0,02;0,02;0,04;0,06;;;;;;
487;500;11;Inkoppling med färdigskalad ledare eller kabelsko;;inkoppling;0,01;0,02;0,03;0,04;;;;;;
488;500;12;Inkoppling inkl montering av kabelsko/pinnhylsa;;inkoppling;0,05;0,06;0,08;0,09;;;;;;
489;500;13;Skruvlös inkoppling med flatstift eller liknande;;inkoppling;0,01;;;;;;;;;
490;500;14;Slitsplint NER 20101;;inkoppling;0,01;;;;;;;;;
491;500;17;Inkoppling inkl montering ringkabelsko/pinnhylsa, lödning;;inkoppling;0,04;0,07;0,1;0,14;;;;;;
492;500;18;Inkoppling med presstång;;inkoppling;0,04;0,05;0,06;0,08;;;;;;
493;504;10;Skarvning med pressverktyg (Al/Cu);;skarv;0,04;0,05;0,09;0,11;;;;;;
494;510;10;Plastmantlad kabel ≤2,5 mm² eller Ø ≤17 mm;kabelände;st;0,11;0,09;;0,15;;;;;;
495;510;11;Plastmantlad kabel 4–6 mm² eller Ø ≤20 mm;kabelände;st;0,13;0,09;;0,17;;;;;;
496;510;12;Plastmantlad kabel 10–16 mm² eller Ø ≤30 mm;kabelände;st;0,14;0,1;;0,19;;;;;;
497;510;13;Plastmantlad kabel >16 mm² eller Ø ≤40 mm;kabelände;st;0,16;0,1;0,39;0,21;;;;;;
498;510;15;Tillägg: halogenfri/brandsäker 6–16 mm² eller Ø ≤30 mm;kabelände;st;0,01;;;;;;;;;
499;510;16;Tillägg: halogenfri/brandsäker >16 mm² eller Ø ≤40 mm;kabelände;st;0,02;;;;;;;;;
500;512;10;Kulo-/gummikabel ≤2,5 mm²;kabelände;st;0,07;0,05;;0,08;;;;;;
501;512;11;Kulo-/gummikabel 4–6 mm²;kabelände;st;0,1;0,07;;0,11;;;;;;
502;512;12;Kulo-/gummikabel 10–16 mm²;kabelände;st;0,11;0,07;;0,12;;;;;;
503;512;13;Kulo-/gummikabel 25–35 mm²;kabelände;st;0,12;0,08;;0,13;;;;;;
504;514;11;Mantlad/skärmad 10–35 mm² eller Ø ≤32 mm;kabelände;st;0,19;0,15;0,29;0,24;;;;;;
505;514;12;Mantlad/skärmad 50–120 mm² eller Ø ≤47 mm;kabelände;st;;0,23;0,41;;;;;;;
506;514;13;Mantlad/skärmad 150–300 mm² eller Ø ≤65 mm;kabelände;st;;0,31;0,53;;;;;;;
507;514;15;Tillägg: halogenfri/brandsäker ≤6 mm² eller Ø ≤17 mm;kabelände;st;0,01;;;;;;;;;
508;514;16;Tillägg: halogenfri/brandsäker 10–35 mm² eller Ø ≤32 mm;kabelände;st;0,02;;;;;;;;;
509;514;17;Tillägg: halogenfri/brandsäker 50–120 mm² eller Ø ≤47 mm;kabelände;st;0,03;;;;;;;;;
510;514;18;Tillägg: halogenfri/brandsäker 150–300 mm² eller Ø ≤65 mm;kabelände;st;0,03;;;;;;;;;
511;514;20;Tillägg: uppflätning av koppartrådsfläta ≤0,5 m;fläta;st;0,25;;;;;;;;;
512;516;10;Skarv 2-ledare;komplett inkl uppskalning/press;skarv;0,87;0,92;;;;;;;;
513;516;11;Skarv 3-ledare;komplett inkl uppskalning/press;skarv;0,98;1,03;;;;;;;;
514;516;12;Skarv 4-ledare;komplett inkl uppskalning/press;skarv;1,23;1,29;1,4;1,73;;;;;;
515;516;13;Skarv 5-ledare;komplett inkl uppskalning/press;skarv;1,34;1,41;1,53;1,93;;;;;;
516;517;10;MV-skarv 10–50 mm² PEX;inomhus/utomhus;skarv;1,8;2,6;;;;;;;;
517;517;12;MV-skarv 70–95 mm² PEX;inomhus/utomhus;skarv;3;6,55;;;;;;;;
518;517;14;MV-skarv 120–185 mm² PEX;inomhus/utomhus;skarv;3,47;7,2;;;;;;;;
519;517;16;MV-skarv 240–300 mm² PEX;inomhus/utomhus;skarv;4;8,6;;;;;;;;
520;517;18;MV-skarv 400–500 mm² PEX;inomhus/utomhus;skarv;4,6;;;;;;;;;
521;517;20;MV-skarv 630 mm² PEX;inomhus/utomhus;skarv;5,6;;;;;;;;;
522;518;10;MV-ändavslutning 10–50 mm² PEX;;ändavslutning;0,55;0,8;0,7;1;;;;;;
523;518;12;MV-ändavslutning 70–95 mm² PEX;;ändavslutning;0,9;1,6;1;2;;;;;;
524;518;14;MV-ändavslutning 120–185 mm² PEX;;ändavslutning;1,05;2,2;1,15;2,5;;;;;;
525;518;16;MV-ändavslutning 240–300 mm² PEX;;ändavslutning;1,2;3;1,35;3,3;;;;;;
526;518;18;MV-ändavslutning 400–500 mm² PEX;;ändavslutning;1,4;;1,6;;;;;;;
527;518;20;MV-ändavslutning 630 mm² PEX;;ändavslutning;1,7;;2;;;;;;;
528;526;10;Uppringning av ej färg-/siffermärkta starkströmsledare;;uppringning;0,06;;;;;;;;;
529;526;12;Märka kabel/ledare med märkband eller märkpenna;;ledn. ände;0,01;;;;;;;;;
530;526;13;Märka ledare med märkhylsor (max 10 mm bred);;hylsa;0,01;;;;;;;;;
531;526;15;Märka kabel/ledare med prefabricerad hylsa t.o.m. 25 mm bred;;per hylsa;0,03;;;;;;;;;
532;526;16;Tillägg per 10 mm över 25 mm på prefabricerad hylsa;;hylsa;0,01;;;;;;;;;
533;526;17;Inställa/prova motorskydd, trappautomater, tidur e.d.;;apparat;0,05;;;;;;;;;
534;526;19;Texta kabelskylt med märkpenna;;skylt;0,01;;;;;;;;;
535;526;21;Märka kabel med kabelskylt;;skylt;0,01;;;;;;;;;
536;526;26;Märka kabel med märkband av plåt;;märkband;0,01;;;;;;;;;
537;527;10;Sammanfoga ledare till stock inkl. utplock;;m stock;0,25;;;;;;;;;
538;527;12;Ilägga/iskjuta ledare i kabelbunthållare;;m ledare;0,01;;;;;;;;;
539;527;14;Ilägga/ordna ledare i kabelkanal inkl. lock;;m ledare;0,01;;;;;;;;;
540;527;16;Kapa kabelkanal av plast;;kapning;0,02;;;;;;;;;
541;527;18;Fastklistra hållare/kanal på underlag;;m hållare etc;0,05;;;;;;;;;
542;529;10;Tillägg: särskilt svåråtkomligt/skymt inkopplingsställe;;inkoppling;0,02;;;;;;;;;
543;529;12;Montera skyddshylsa av plast/gummi över anslutningsställe;;skyddshylsa;0,01;;;;;;;;;
544;529;18;Tillägg för uppskalning av RHH;;uppskalning;0,01;;;;;;;;;
545;532;10;Montering i skena – itrycka plint/ändbricka;;plint;0,01;;;;;;;;;
546;532;11;Låsa plintrad med 2 ändstöd;;plintrad;0,03;;;;;;;;;
547;532;18;Märka plint inkl ev. märkningshållare;;plint;0,01;;;;;;;;;
548;532;19;Montera självhäftande märkningsrad;;hel märkningsrad;0,01;;;;;;;;;
549;534;10;Montera anslutningskabel i dragavlastning;;dragavlastning;0,03;;;;;;;;;
550;540;10;Doslock t.o.m. 4 skruv;Montera = -0 / Demo+montera = -1;lock;0,02;0,02;;;;;;;;
551;540;11;Lock/kåpa/beröringsskydd/vred/handtag t.o.m. 4 skruv;Montera = -0 / Demo+montera = -1;lock etc;0,03;0,04;;;;;;;;
552;540;12;Insats/nollskena/nollplint t.o.m. 25 kg;Montera = -0 / Demo+montera = -1;insats;0,04;0,05;;;;;;;;
553;545;10;Hopmontera apparater/centrallådor i flänsöppning inkl packning/mellanstycken;;hopmonterad;0,09;;;;;;;;;
554;545;11;Fästa fläns inkl ev. packning;;fläns;0,05;;;;;;;;;
555;545;12;Bortta utbrytningar/ursågningar i kåpa;;kåpa;0,04;;;;;;;;;
556;998;10;Tillägg vid apparatkoppling;Motordrivna/ej = -0 / Motordrivna från plattform = -1;arbetsställe;0,09;0,06;;;;;;;;
557;501;10;Ändfäste t.o.m. 10 mm²;;linände;0,37;;;;;;;;;
558;501;11;Ändfäste >10 t.o.m. 25 mm²;;linände;0,42;;;;;;;;;
559;501;12;Ändfäste >25 t.o.m. 50 mm²;;linände;0,46;;;;;;;;;
560;503;10;Fäste+stagtråd för bärlina utan linlås/skruvklämma;;tråd;0,12;;;;;;;;;
561;503;11;Fäste+stagtråd för bärlina med linlås/skruvklämma;;tråd;0,21;;;;;;;;;
562;503;12;Stagtråd för lina utan fäste/linlås/skruvklämma;;tråd;0,04;;;;;;;;;
563;503;13;Stagtråd för lina med linlås/skruvklämma;;tråd;0,12;;;;;;;;;
564;505;10;Utdraga och spänna lina t.o.m. 50 mm²;;m;0,02;;;;;;;;;
565;506;10;Montera stödben;;ben;0,29;;;;;;;;;
566;506;11;Kapa bär-/stagbalk/golvplatta (kapanordning finns);;platta/balk;0,15;;;;;;;;;
567;506;12;Montera bärbalk;;m;0,16;;;;;;;;;
568;506;13;Montera stagbalk;;m;0,12;;;;;;;;;
569;506;14;Utlägga golvplatta;;platta;0,09;;;;;;;;;
570;506;16;Bort-/återlägg befintlig golvplatta;;platta;0,09;;;;;;;;;
571;515;10;Standardstege – horisontellt;;m;0,07;0,09;;;;;;;;
572;515;11;Förstärkt stege – horisontellt;;m;0,11;0,14;;;;;;;;
573;515;15;Standardstege vertikal t.o.m. 300 mm;;m;0,22;0,23;0,13;0,15;;;;;;
574;515;16;Standardstege vertikal t.o.m. 600 mm;;m;0,24;0,25;0,14;0,16;;;;;;
575;516;10;Tillägg interiörlackerad stege (ändförslutning+potentialutjämning);;m;0,07;;;;;;;;;
576;521;10;Standardstege – avvinkling/förgrening;;detalj;0,15;0,31;0,19;;;;;;;
577;521;11;Förstärkt stege – avvinkling/förgrening;;detalj;0,16;0,32;0,19;;;;;;;
578;522;10;Väggkonsol 1–2 fästskruv;;st;0,18;;0,05;0,09;;;;;;
579;522;11;Takfäste (2 fästpkt) m. pendelskena;;st;0,25;;0,13;0,16;;;;;;
580;522;12;Takfäste (4 fästpkt) m. pendelskena;;st;0,31;;0,18;0,21;;;;;;
581;522;13;Takpendel (2 fästpkt);;st;0,18;;0,06;0,09;;;;;;
582;522;14;Takpendel (4 fästpkt);;st;0,23;;0,11;0,14;;;;;;
583;522;15;Bärok på pendel;;st;;;0,05;0,09;;;;;;
584;522;16;Konsol på pendel;;st;;;0,05;0,09;;;;;;
585;522;17;Takfäste för trapetsplåt;;st;;0,11;;;;;;;;
586;522;18;Montageskena för takfäste inkl kapning (2 fästpkt);;st;0,25;;0,11;;;;;;;
587;525;10;Upplägga ränna utan fastsättning;;m;0,03;;;;;;;;;
588;525;11;Upplägga+fästa ränna (bocka fästnabbar);;m;0,04;;;;;;;;;
589;525;12;Upplägga+fästa ränna (skruv/mutter/naj i bef. hål);;m;0,07;;;;;;;;;
590;526;10;Kapa pendel;;pendel;0,03;;;;;;;;;
591;526;11;Skarva pendel (4 skruv);;skarv;0,11;;;;;;;;;
592;526;12;Montera pendelstag;;stag;0,11;;;;;;;;;
593;526;13;Lock ≤100 mm;;lock;0,04;;;;;;;;;
594;526;14;Lock >100 t.o.m. 400 mm;;lock;0,06;;;;;;;;;
595;526;15;Urtag i lock för kabelgenomföring;;urtag;0,05;;;;;;;;;
596;526;16;Fästplåt/bottenplatta för dosa/armatur/apparat på stege/ränna;;fästplåt etc;0,04;;;;;;;;;
597;526;17;Fästa Caddyklamma/Fastways i samband med montage;;klämma;0,03;;;;;;;;;
598;526;18;Kassett/tvärskena/ränna (interiör- eller olackerad) – montera;;kassett;0,04;;;;;;;;;
599;526;19;Låsa kabelstege med bult på konsol;;fästpunkt;0,03;;;;;;;;;
600;526;20;Underläggsplatta (förstärkning);;st;0,05;;;;;;;;;
601;526;21;Färgmärkning stege (märkplåt/tejp);;st;0,02;;;;;;;;;
602;526;22;Ändskydd till stege/pendel;;st;0,03;;;;;;;;;
603;530;10;Trådstege – upplägg inkl skarvning (horis./vert.);;m;0,07;0,08;0,11;0,11;0,11;;;;;
604;530;11;Tillägg: rakskarv med klippning;;skarv;0,04;0,07;0,07;0,08;0,09;;;;;
605;530;12;Nivåavvinkling;;avvinkling;0,05;0,05;0,05;0,05;0,05;;;;;
606;530;13;Vertikal avvinkling;;avvinkling;0,08;0,13;0,13;0,19;0,21;;;;;
607;530;14;Avvinkling 90°;;avvinkling;0,07;0,12;0,13;0,21;0,21;;;;;
608;530;15;Böj 90°;;böj;0,16;0,8;1,06;1,43;1,85;;;;;
609;530;16;Rak förgrening;;förgrening;0,16;0,18;0,21;0,22;0,23;;;;;
610;530;17;Sned förgrening;;förgrening;0,17;0,22;0,22;0,26;0,28;;;;;
611;530;18;Y-förgrening;;förgrening;0,17;0,19;0,21;0,26;0,27;;;;;
612;530;20;Takkonsol komplett för stege ≤220 mm;;st;0,31;0,31;0,18;0,22;;;;;;
613;530;21;Takkonsol komplett för stege ≤622 mm;;st;0,37;0,37;0,24;0,28;;;;;;
614;530;22;Väggkonsol;;st;0,18;0,18;0,05;0,09;;;;;;
615;530;23;Fäste;;st;0,11;0,15;0,04;0,06;;;;;;
616;530;30;Radiebegränsare;;st;0,04;;;;;;;;;
617;530;31;Plastknopp (skydd);;st;0,01;;;;;;;;;
618;530;32;Dosplåt;;st;0,04;;;;;;;;;
619;530;33;Teleränna med naj/skruv;;m;0,07;;;;;;;;;
620;530;34;Teleränna utan fastsättning;;m;0,03;;;;;;;;;
621;530;35;Avskiljningsplåt m. naj/skruv/fäste;;m;0,07;;;;;;;;;
622;530;36;Potentialutjämningsskruv (inkoppling tillkommer);;st;0,11;;;;;;;;;
623;530;37;Kapa pendel;;pendel;0,03;;;;;;;;;
624;540;10;Olackerad – upplägg inkl skarv (låsplugg) och rak avkapning;;m;0,06;0,07;0,11;0,14;;;;;;
625;540;11;Interiörlackerad – upplägg inkl dekorskarv;;m;0,09;0,11;0,27;0,3;;;;;;
626;542;10;Olackerad – avvinkling/förgrening;;detalj;0,14;0,17;;;;;;;;
627;542;11;Interiörlackerad – avvinkling/förgrening;;detalj;0,16;0,19;;;;;;;;
628;542;12;4-vägsförgrening (interiörlackerad/olackerad);;förgren.-detalj;;0,38;;;;;;;;
629;544;10;Lock olackerad;;m;0,04;0,04;0,06;0,08;;;;;;
630;544;11;Lock interiörlackerad;;m;0,05;0,06;0,08;0,11;;;;;;
631;546;10;Väggränna olackerad;;m;0,12;;;;;;;;;
632;546;11;Väggränna interiörlackerad;;m;0,15;;;;;;;;;
633;552;10;Bredd t.o.m. 100 mm – olackerad;;m skena;0,14;;;;;;;;;
634;552;11;Bredd t.o.m. 400 mm – olackerad;;m skena;0,17;;;;;;;;;
635;552;12;Interiörlackerad t.o.m. 100 mm;;m skena;0,17;;;;;;;;;
636;552;13;Interiörlackerad t.o.m. 400 mm;;m skena;0,21;;;;;;;;;
637;551;10;Väggkonsol 1–2 fästskruv;;st;0,18;;0,05;0,09;;;;;;
638;551;11;Takfäste (2 fästpkt) m. pendelskena;;st;0,25;;0,13;0,16;;;;;;
639;551;12;Takpendel (2 fästpkt);;st;0,18;;0,06;0,09;;;;;;
640;551;13;Bärok på pendel;;st;;;0,05;0,09;;;;;;
641;551;14;Konsol på pendel;;st;;;0,05;0,09;;;;;;
642;551;15;Trådpendel komplett montage;;st;0,22;;0,15;0,16;;;;;;
643;551;16;Rörpendel komplett montage;;st;0,31;;0,23;0,25;;;;;;
644;551;17;Wirependel komplett montage;;st;0,33;;0,26;0,28;;;;;;
645;551;18;Takfäste för trapetsplåt;;st;;0,11;;;;;;;;
646;551;19;Montageskena för takfäste inkl kapning (2 fästpkt);;st;0,25;;0,11;;;;;;;
647;553;11;Kapa pendel;;pendel;0,03;;;;;;;;;
648;553;12;Skarva pendel (4 skruv);;skarv;0,11;;;;;;;;;
649;553;13;Rörskarv;;skarv;0,05;;;;;;;;;
650;553;14;Montera pendelstag;;stag;0,11;;;;;;;;;
651;553;15;Urtag i lock för kabelgenomföring;;urtag;0,05;;;;;;;;;
652;553;16;Fästplåt/bottenplatta/hållare för dosa/armatur på ränna/skena;;st;0,04;;;;;;;;;
653;553;17;Kassett/tvärskena/ränna – montera;;kassett;0,04;;;;;;;;;
654;553;18;Avskiljningsplåt i skena/ränna inkl stödband/mellanstycke/kapning;;m;0,05;;;;;;;;;
655;553;19;Underläggsplatta (förstärkning);;st;0,05;;;;;;;;;
656;553;20;Färgmärkning ränna/armaturskena;;st;0,02;;;;;;;;;
657;553;21;Montering armaturhållare;;st;0,03;;;;;;;;;
658;553;22;Potentialutjämning (4 skruv/popnit) – fig. 4;;skarv;0,11;;;;;;;;;
659;560;10;Stolpe t.o.m. 4,5 m;;stolpe;0,48;;;;;;;;;
660;560;11;Stolpe t.o.m. 6,0 m;;stolpe;0,65;;;;;;;;;
661;560;12;Stolpe t.o.m. 8,0 m;;stolpe;0,86;;;;;;;;;
662;560;13;Tillägg: resning med påmonterad armatur;;armatur;0,11;;;;;;;;;
663;560;14;Tillägg: påmonterad lys-/LED-rörsarmatur inkl riktning;;armatur;0,16;;;;;;;;;
664;560;15;Montera+ansluta stolpinsats inkl ev. driftdon (t.o.m. 10 mm²);;insats;0,73;;;;;;;;;
665;575;10;Betong – hållängd ≤10 cm;;hål;0,04;0,08;0,16;;;;;;;
666;575;11;Betong – hållängd ≤15 cm;;hål;0,06;0,12;0,22;;;;;;;
667;575;12;Betong – hållängd ≤20 cm;;hål;0,08;0,15;0,3;;;;;;;
668;575;13;Betong – tillkommande 5 cm;;påbörjad 5 cm;0,02;0,04;0,07;;;;;;;
669;576;10;Elementbetong – hållängd ≤10 cm;;hål;0,06;0,13;0,26;;;;;;;
670;576;11;Elementbetong – hållängd ≤15 cm;;hål;0,08;0,19;0,39;;;;;;;
671;576;12;Elementbetong – hållängd ≤20 cm;;hål;0,11;0,25;0,52;;;;;;;
672;576;13;Elementbetong – tillkommande 5 cm;;påbörjad 5 cm;0,03;0,06;0,13;;;;;;;
673;578;20;Lättbetong – hållängd ≤7 cm;;hål;0,02;0,03;0,12;0,17;;;;;;
674;578;21;Lättbetong – hållängd ≤30 cm;;hål;0,03;0,06;0,18;0,25;;;;;;
675;579;20;Tegel – hållängd ≤15 cm;;hål;0,04;0,06;0,14;0,21;;;;;;
676;579;21;Tegel – hållängd ≤30 cm;;hål;0,06;0,09;0,17;0,27;;;;;;
677;579;22;Tegel – hållängd ≤45 cm;;hål;0,08;0,13;0,19;0,33;;;;;;
678;579;23;Tegel – tillkommande 10 cm;;hål;0,02;0,03;0,06;0,1;;;;;;
679;580;10;Trä – hållängd ≤5 cm;;hål;0,02;0,03;;;;;;;;
680;580;11;Trä – hållängd ≤12 cm;;hål;0,03;0,06;;;;;;;;
681;580;12;Trä – hållängd ≤20 cm;;hål;0,05;0,09;;;;;;;;
682;580;13;Trä – hållängd ≤30 cm;;hål;0,06;0,12;;;;;;;;
683;581;10;Trossbotten – hållängd ≤30 cm;;hål;0,07;0,14;;;;;;;;
684;581;11;Trossbotten – hållängd ≤50 cm;;hål;0,11;0,19;;;;;;;;
685;582;10;Håltagning för brandlarmskabel i lättbetongtak över bärbalkar;;hål;0,08;;;;;;;;;
686;582;12;Håltagning i ställverksgolv t.o.m. Ø100×50 mm (dosborr/hålsåg);;hål;0,11;;;;;;;;;
687;583;10;Stål t.o.m. 2 mm godstjocklek;;hål;0,02;0,03;0,05;;;;;;;
688;583;11;Stål t.o.m. 5 mm godstjocklek;;hål;0,03;0,04;0,05;;;;;;;
689;583;12;Stål t.o.m. 10 mm godstjocklek;;hål;0,05;0,06;0,07;;;;;;;
690;583;13;Stål t.o.m. 15 mm godstjocklek;;hål;0,09;0,09;;;;;;;;
691;583;18;Hål i stål t.o.m. Ø50 mm med hålstans (inkl förborrning, stål ≤2 mm);;hål;0,07;;;;;;;;;
692;583;20;Montera gummibussning i plåthål;;bussning;0,02;;;;;;;;;
693;583;22;Montera Molly-bult utan anspänningsverktyg / Platti-plugg / Spring-Toggler;;bult;0,01;;;;;;;;;
694;583;30;Hål i stål Ø21–40 mm (stål ≤3 mm / plast ≤6 mm) – stegborr/konisk/hålsåg;;hål;0,08;;;;;;;;;
695;583;31;Hål i stål Ø41–75 mm (stål ≤3 mm / plast ≤6 mm) – stegborr/konisk/hålsåg;;hål;0,17;;;;;;;;;
696;583;34;Rektangulärt hål i stål ≤3 mm, största mått 75–125 mm (förborrning+sticksåg);;hål;0,29;;;;;;;;;
697;583;36;Rektangulärt hål i plast, största mått 75–125 mm;;hål;0,18;;;;;;;;;
698;583;38;Rektangulärt hål i stål ≤3 mm, största mått >125–200 mm;;hål;0,44;;;;;;;;;
699;583;39;Rektangulärt hål i plast, största mått >125–200 mm;;hål;0,19;;;;;;;;;
700;584;10;"Gängning t.o.m. M8 / W 5/16""";;hål;0,02;;;;;;;;;
701;585;10;Inner- eller yttergänga;;gängning;0,03;;;;;;;;;
702;998;10;Tillägg vid uppläggning av stege/trådstege/ränna/armaturskena/montageskena/svagströmsränna;;m;0,04;0,03;;;;;;;;
703;998;11;Tillägg vid montering av bärbygel på lina för trådstege;;m trådstege;0,04;0,03;;;;;;;;
704;998;15;Tillägg för änd-/bärfäste e.d. vid utdragning av bärlina;;stödpunkt;0,09;0,06;;;;;;;;
705;998;16;Tillägg vid håltagning/konsol-/pendeluppsättning e.d.;;arbetsställe;0,09;0,06;;;;;;;;
706;504;10;Ellist/fästlist med eller utan lock på vägg/tak inkl. kapning;;m;0,08;;;;;;;;;
707;506;10;Minikanal – plast;;m;0,15;;;;;;;;;
708;506;11;Minikanal – trä/metall;;m;0,17;;;;;;;;;
709;506;12;Avgreningsdosa inkl. demont./mont. av lock samt urtag;;st;0,11;;;;;;;;;
710;508;10;Kanal – plast;;m;0,16;0,26;0,36;;;;;;;
711;508;11;Kanal – metall/trä;;m;0,18;0,28;0,38;;;;;;;
712;510;10;Fönsterbänkskanal – plast;;m;0,16;0,31;0,39;;;;;;;
713;510;11;Fönsterbänkskanal – metall;;m;0,18;0,33;0,41;;;;;;;
714;514;10;Front/lock för tillkommande fack inkl. kapning;;m;0,05;;;;;;;;;
715;514;11;Kabelhylla/mellanvägg inkl. kapning;;m;0,04;;;;;;;;;
716;514;12;Montering av väggkonsol;;konsol;0,11;;;;;;;;;
717;514;13;Mellanlägg för väggkonsol;;konsol;0,02;;;;;;;;;
718;514;14;Tak-/väggram/ändstycke – snäppfastsatta;;st;0,05;;;;;;;;;
719;514;15;Montera ljudtätning vid väggenomföring;;kanalgenomföring;0,15;;;;;;;;;
720;514;16;Montage/anslutning av separat potentialutjämning/jordningsbleck;;st;0,05;;;;;;;;;
721;514;17;Avvinkla kanal med färdig detalj inkl. front;;avvinkling;0,18;;;;;;;;;
722;514;18;Avvinkla kanal inkl. lock med gersågning;;avvinkling;0,25;;;;;;;;;
723;514;19;Ventilationsgaller inkl. kapning, skarv och hållare – montage;;m;0,05;;;;;;;;;
724;514;20;Konvektorskärm inkl. konsolsats – montage;;st;0,11;;;;;;;;;
725;514;21;Borttaga skyddsfilm på kanal/lock;;m;0,02;;;;;;;;;
726;514;22;Demont. och mont. av lock vid komplettering i bef. kanal;;m;0,05;;;;;;;;;
727;514;23;Buntbandsfäste;;st;0,03;;;;;;;;;
728;514;24;Kapning av kanal när kapmaskin ej tillhandahålls;;kapning;0,07;;;;;;;;;
729;514;25;Kapning av lock när kapmaskin ej tillhandahålls;;kapning;0,04;;;;;;;;;
730;514;30;Installationsbox exkl. inkoppling;;box;0,15;;;;;;;;;
731;514;31;Avgreningsenhet/avgreningsdosa;;st;0,11;;;;;;;;;
732;514;32;Tak-/väggram/ändstycke – skruvfastsatt;;st;0,11;;;;;;;;;
733;518;10;Tomdosa i kanal;;st;0,04;;;;;;;;;
734;518;11;Apparatdosa inkl. montering och anslutning av vägguttag;;st;0,27;;;;;;;;;
735;518;12;Snabbkopplingsuttag ”Masteruttag” med kabelanslutning – montage;;uttag;0,17;;;;;;;;;
736;518;13;Vägguttag med snabbkoppling inkl. ijackning och uppordning av kablage – montage;;uttag;0,13;;;;;;;;;
737;518;14;Slavuttag på befintligt snabbkopplingsuttag – montage;;uttag;0,07;;;;;;;;;
738;518;15;Tillägg för uppskalning och dragavlastning vid anslutning av väggapparat i dosa;;apparat;0,09;;;;;;;;;
739;526;10;Kabelhållare – 1 fästpunkt;;hållare;0,03;;;;;;;;;
740;526;11;Underlist t.o.m. 1 m;;m;0,14;;;;;;;;;
741;526;12;Underlist – del över 1 m;;m;0,08;;;;;;;;;
742;526;13;Bottenplatta för kopplingsdosa – 2 fästpunkter;;platta;0,06;;;;;;;;;
743;526;14;Sockeldosa (bottenplatta + kåpa) – 2 fästpunkter;;dosa;0,07;;;;;;;;;
744;526;15;Tillkommande fästpunkt;;skruv;0,02;;;;;;;;;
745;528;10;Fästa kabelhållare på underlist;;hållare;0,01;;;;;;;;;
746;528;11;Fästa täcklist på hållare/underlist/klemmiklammer;;m;0,05;;;;;;;;;
747;528;13;Kapa med bågfil när kapsax ej tillhandahålles;;kapning;0,02;;;;;;;;;
748;999;10;Tillägg vid montering av list- och kanalsystem;;arbetsställe;0,09;0,06;;;;;;;;
749;500;10;Förläggning flexibel kanalskena 3-/5-ledare t.o.m. 2,5 mm²;;m;0,05;0,09;0,03;;;;;;;
750;501;10;Montering av inmatningslåda;;låda;0,26;0,16;;;;;;;;
751;501;11;Montering av ändavslutning;;ände;0,07;;;;;;;;;
752;501;12;Fixering av inmatningslåda/uttag (inkl. ev. fästen);;inmatningslåda/uttag;0,05;;;;;;;;;
753;530;10;Skenelement enkelsidig / 1-krets;;m skena;0,09;;;;;;;;;
754;530;12;Skenelement dubbelsidig / 2-krets;;m skena;0,11;;;;;;;;;
755;540;10;Vajerpendel komplett – montering;;st;0,33;0,26;;;;;;;;
756;540;11;Rörpendel komplett – montering;;st;0,31;0,23;;;;;;;;
757;540;12;Universalfäste (1 skruv) – montering;;st;0,11;0,04;;;;;;;;
758;540;13;Kapa pendel;;st;0,03;;;;;;;;;
759;540;14;Skarva pendel / rörskarv;;st;0,05;;;;;;;;;
760;540;15;Takfäste för trapetsplåt;;st;0,1;;;;;;;;;
761;550;10;Fästa inmatningslåda + montera skarvdon till strömskena;;låda;0,11;;;;;;;;;
762;550;12;Byte av uttagstätning;;st;0,05;;;;;;;;;
763;550;13;Kapa skena;;st;0,09;;;;;;;;;
764;550;14;Ändavslutning – montering;;st;0,03;;;;;;;;;
765;551;10;Ijackning av stickpropp i uttag inkl. uppordning av sladd;;ijackn.;0,03;0,02;;;;;;;;
766;551;11;Montering av förgreningsdon inkl. 1–4 ijackningar + kablageuppordning;;förgreningsdon;0,15;0,09;;;;;;;;
767;551;12;Montering av stickpropp 2-pol + PE eller stick-/hylskontakt;;kontakt;0,09;0,06;;;;;;;;
768;551;13;Montering av stickpropp för belysningsstyrning – enkel;;kontakt;0,13;0,08;;;;;;;;
769;551;14;Montering av stickpropp för belysningsstyrning – dubbel/trapp;;kontakt;0,17;0,1;;;;;;;;
770;551;15;Fasväxling i stickpropp;;stickpropp;0,02;;;;;;;;;
771;551;16;Montering av separat låsdel för sladdställ;;låsdel;0,01;0,01;;;;;;;;
772;600;10;Uppläggning skenelement – horisontalt/vertikalt;;m skena;0,06;0,11;0,31;;;;;;;
773;600;11;Tillägg – skenelement med påmonterad låda;;enhet;;0,1;0,12;;;;;;;
774;600;12;Tillägg – vinkel-/kors-/T-element;;element;;0,11;0,29;;;;;;;
775;610;10;El-skarv med skruvförband;;skarv;0,26;0,42;0,8;;;;;;;
776;610;11;El-skarv med skarvblock;;skarv;0,21;0,34;0,64;;;;;;;
777;620;10;Täta kapslingsskarv (Canalis KU) – tätningsmassa + 4 byglar, IP54;;skarv;0,3;;;;;;;;;
778;630;10;Fastsätta ändavslutning;;ändavslutning;0,11;0,13;0,13;;;;;;;
779;630;11;Fästa inmatningslåda + montera skarvdon till strömskenor;;låda;0,11;0,16;0,25;;;;;;;
780;630;12;Montera uttagslåda;;låda;0,04;0,09;0,57;;;;;;;
781;640;10;Fästanordning med två pendeljärn;;fästanordn.;0,54;0,29;;;;;;;;
782;640;12;Fästanordning med en pendel + universalfäste;;fästanordn.;0,31;0,18;;;;;;;;
783;640;14;Fästanordning direkt på underlag;;fästanordn.;0,25;0,08;;;;;;;;
784;998;10;Tillägg vid uppläggning av skenelement;;m skena;0,04;0,03;;;;;;;;
785;998;11;Tillägg vid montering av konsol/fästanordning etc.;;arbetsställe;0,09;0,06;;;;;;;;
786;500;10;Uppställa/inpassa/avväga enhet – vikt över 5 t.o.m. 50 kg;;enhet;0,18;;;;;;;;;
787;500;12;Uppställa/inpassa/avväga enhet – vikt över 50 t.o.m. 100 kg;;enhet;0,41;;;;;;;;;
788;500;14;Uppställa/inpassa/avväga enhet – vikt över 100 t.o.m. 200 kg;;enhet;1,04;;;;;;;;;
789;500;16;Uppställa/inpassa/avväga enhet – vikt över 200 t.o.m. 400 kg;;enhet;1,67;;;;;;;;;
790;500;18;Uppställa/inpassa/avväga enhet – vikt över 400 t.o.m. 600 kg;;enhet;2,31;;;;;;;;;
791;500;20;Uppställa/inpassa/avväga enhet – vikt över 600 t.o.m. 800 kg;;enhet;2,93;;;;;;;;;
792;505;10;Fästa enhet med t.o.m. 4 skruv/bult – oavsett underlag;;enhet;0,31;;;;;;;;;
793;510;10;Hopmontera och upprikta 2 enheter;;hopmont.;0,41;0,5;;;;;;;;
794;510;12;Tillkommande skruv/bult över 12;;bult;0,04;;;;;;;;;
795;520;10;Skarva, påsticka eller ansluta skena t.o.m. 4 bult;;förband;0,27;0,37;0,42;0,52;0,62;;;;;
796;520;12;Tillkommande bult över 4;;bult;0,05;0,07;0,11;0,11;0,11;;;;;
797;520;14;Montera separat levererad skena i skenhållare;;hållare;0,11;0,12;0,2;0,25;0,33;;;;;
798;501;10;Teleapparat t.o.m. 4 inkopplingar inkl. jack/kopplingsplint;;apparat;0,12;;;;;;;;;
799;501;11;Teleapparat utvändig ≤1 kg inkl. jack/kopplingsplint;;apparat;0,19;;;;;;;;;
800;501;12;Teleapparat utvändig >1–5 kg inkl. jack/kopplingsplint;;apparat;0,26;;;;;;;;;
801;501;13;Teleapparat utvändig >5–25 kg inkl. jack/kopplingsplint;;apparat;0,45;;;;;;;;;
802;505;10;Karmkontakter på trä/färdigborrat, t.o.m. 4 inkopplingar;;sats;0,25;;;;;;;;;
803;505;15;Karmkontakter inkl. infällning i trä, t.o.m. 4 inkopplingar;;sats;0,47;;;;;;;;;
804;507;10;Signalhorn/sirén ≤5 kg, 4 fästskruv, t.o.m. 4 inkopplingar;;apparat;0,23;;;;;;;;;
805;507;15;Signalhorn/sirén >5–25 kg;;apparat;0,3;;;;;;;;;
806;509;10;Propp/hylsa t.o.m. 4 inkopplingar med lödning;;propp/hylsa;0,09;;;;;;;;;
807;509;12;Propp/hylsa t.o.m. 12 inkopplingar skruv/lödning;;propp/hylsa;0,2;;;;;;;;;
808;509;14;Ijacka propp/hylsa;;propp/hylsa;0,02;;;;;;;;;
809;512;10;Transformator/likriktare/agg 15–500 VA;;apparat;0,45;;;;;;;;;
810;512;11;D:o >500–2000 VA;;apparat;0,6;;;;;;;;;
811;512;13;D:o >2000–5000 VA;;apparat;1,31;;;;;;;;;
812;512;15;Stickproppsanslutet ≤24 VA;;apparat;0,21;;;;;;;;;
813;512;17;Batterieliminator, inkoppla + ijacka i uttag;;apparat;0,04;;;;;;;;;
814;512;25;Uppställa/inpassa batteri på golv;5–25 kg;batteri;0,2;0,25;0,43;;;;;;;
815;512;26;Uppställa/inpassa batteri på hylla ≤1,5 m;5–25/50/100 kg;batteri;0,23;0,37;0,62;;;;;;;
816;512;30;Hopmontera batteriprovare;;batt.provare;0,03;;;;;;;;;
817;512;31;Fästa hållare för batteriprovare;;hållare;0,1;;;;;;;;;
818;512;32;Fästa jordklämma på vattenledningsrör;;klämma;0,06;;;;;;;;;
819;512;35;Montera huv och finsäkring;;sats;0,03;;;;;;;;;
820;512;36;Montera batteri ≤5 kg;;batteri;0,04;;;;;;;;;
821;513;10;Utv. kopplingsbox snäpplock, 1 fästskruv;;box;0,07;;;;;;;;;
822;513;15;Utv. kopplingsbox snäpplock, 2 fästskruv;;box;0,1;;;;;;;;;
823;513;20;Utv. kopplingsbox snäpplock, 4 fästskruv;;box;0,15;;;;;;;;;
824;515;10;Utv. kopplingsbox lock 1 skruv;;box;0,09;;;;;;;;;
825;515;15;Utv. kopplingsbox lock 2 skruv;;box;0,11;;;;;;;;;
826;515;20;Utv. kopplingsbox lock 4 skruv;;box;0,16;;;;;;;;;
827;517;10;Täcklock (montering);;lock;0,01;;;;;;;;;
828;517;10;Täcklock (demontera+montera);;lock;0,02;;;;;;;;;
829;517;15;Monteringsram (montering);;ram;0,02;;;;;;;;;
830;517;15;Monteringsram (demontera+montera);;ram;0,04;;;;;;;;;
831;519;10;Apparatram med 2 skruv;;ram;0,1;;;;;;;;;
832;519;15;Apparatram med 4 skruv;;ram;0,14;;;;;;;;;
833;522;10;Hopmontera grundstativ NBF11003 el. likn (exkl. fastsättning);;stativ;0,59;;;;;;;;;
834;522;11;Fästa stativ med expander/fransk skruv;;stativ;0,59;;;;;;;;;
835;522;12;Fästa stativ golv + övre i kabelstege;;stativ;0,43;;;;;;;;;
836;522;15;Montera sats för kopplingsplintar NBH10202 el. likn;;sats;0,09;;;;;;;;;
837;522;20;Montera sats för apparater NBH10402 el. likn;;sats;0,17;;;;;;;;;
838;522;25;Montera sats NBH10303 för plintpaket RNT702 Mini-KK;;sats;0,36;;;;;;;;;
839;522;30;Montera trådledare 675075;;trådledare;0,03;;;;;;;;;
840;522;35;Montera reläskena 447047/3 inkl. tillbehör;;sats;0,15;;;;;;;;;
841;522;40;Montera skyddshuv 312198 på NBH10201;;huv;0,01;;;;;;;;;
842;522;45;Montera skena NBH10401 / ram NBH10201 (2 skruv+mutters);;skena/ram;0,09;;;;;;;;;
843;522;50;Montera skena/ram + kabelstöd;;skena/ram/stöd;0,07;;;;;;;;;
844;522;55;Montera plinthållare NBH70203 (2 skruv);;hållare;0,03;;;;;;;;;
845;524;10;Montera separat plinthållare på ram/box;;hållare;0,03;;;;;;;;;
846;524;15;Montera kopplingsplint snäppfast;;plint;0,02;;;;;;;;;
847;524;16;Montera kopplingsplint skruvfast;;plint;0,03;;;;;;;;;
848;524;20;Hopmontera/uppsätta komplett hylsdon RNT702 i Mini-KK;;hylsdon;0,04;;;;;;;;;
849;524;25;Märka + montera signeringsskylt;;skylt;0,03;;;;;;;;;
850;524;30;Påsätta tillsatsklämma på plinthållare;;klämma;0,01;;;;;;;;;
851;526;10;Plastmantlad tele/elektronik/koax m enkel fläta ≤Ø13 mm;uppskal t.o.m. 40/100 cm;kabelände;0,05;;0,07;0,05;;;;;;
852;528;10;Uppfläta+tvinna koppartrådsfläta till ledare ≤20 cm;;skärm;0,05;;;;;;;;;
853;530;10;Inkoppling i stativ/teleapparat: t.o.m. 1 mm²;Skruv/Slitsplint/Lödning;ink;0,01;0,01;0,02;;;;;;;
854;532;10;Dra korskopplingstråd;;m;0,02;;;;;;;;;
855;534;10;Rakskarv EKU t.o.m. 4 ledare;;skarv;0,05;;;;;;;;;
856;534;30;Rakskarv övrig telekabel;antal ledare 4/5–10/11–20/21–40/41–60/100/200;skarv;0,27;0,39;0,53;0,89;1,22;1,94;;;;
857;534;35;Rakskarv övrig tele utomhus;antal ledare 4/5–10/11–20/21–40/41–60/100/200;skarv;0,4;0,58;0,79;1,34;1,83;2,92;;;;
858;534;60;Tillägg gjutharts-skarvbox;antal ledare 4/5–10/11–20/21–40/41–60/100/200;skarv;0,17;0,17;0,17;0,14;0,14;0,06;;;;
859;534;65;Tillägg gjutharts-skarvbox utomhus;antal ledare 4/…;skarv;0,25;0,25;0,25;0,21;0,21;0,1;;;;
860;540;10;Huvudur t.o.m. 8 inkopplingar;;huvudur;0,43;;;;;;;;;
861;540;15;Programur t.o.m. 5 inkopplingar;;programur;0,34;;;;;;;;;
862;542;10;Synkron/sekundärur i dosa t.o.m. 5 inkopplingar;;ur;0,13;;;;;;;;;
863;543;10;Synkron/sekundärur ≤400 mm, 1 fästskruv, t.o.m. 5 ink;;ur;0,19;;;;;;;;;
864;543;15;D:o >400–700 mm;;ur;0,31;;;;;;;;;
865;543;20;D:o >700–1000 mm, t.o.m. 4 fästskruv;;ur;0,59;;;;;;;;;
866;550;10;Synkron/sekundärur inkl. belysningsdel >400–700 mm;;ur;0,82;;;;;;;;;
867;550;15;D:o >700–1000 mm;;ur;1,07;;;;;;;;;
868;553;10;Enkelsidigt ur på konsol ≤400 mm, exkl. list, t.o.m. 5 ink;;ur;0,33;;;;;;;;;
869;553;15;Enkelsidigt ur på konsol ≤400 mm inkl. list;;ur;0,45;;;;;;;;;
870;553;20;Enkelsidigt ur >400–700 mm;;ur;1,03;;;;;;;;;
871;553;25;Enkelsidigt ur >700–1000 mm;;ur;1,26;;;;;;;;;
872;561;10;Dubbelsidigt ur på konsol ≤400 mm exkl. list, t.o.m. 8 ink;;ur;0,44;;;;;;;;;
873;561;15;Dubbelsidigt ur på konsol ≤400 mm inkl. list;;ur;0,55;;;;;;;;;
874;561;20;Dubbelsidigt ur >400–700 mm;;ur;1,28;;;;;;;;;
875;561;25;Dubbelsidigt ur >700–1000 mm;;ur;1,57;;;;;;;;;
876;573;10;Impulsförstärkare/relä, 6 inkopplingar;;ur;0,31;;;;;;;;;
877;575;10;Enkelsidigt ur på stolpe >400–700 mm t.o.m. 5 ink;;ur;0,72;;;;;;;;;
878;575;15;D:o >700–1000 mm;;ur;0,91;;;;;;;;;
879;579;10;Dubbelsidigt ur på stolpe >400–700 mm t.o.m. 8 ink;;ur;1;;;;;;;;;
880;584;10;Klocka/blankettstämpel, stickpropp;;ur;0,03;;;;;;;;;
881;584;15;D:o inkl. 2 inkopplingar i bef. dosa;;ur;0,06;;;;;;;;;
882;584;20;Klocka/blankettstämpel t.o.m. 5 inkopplingar;;ur;0,14;;;;;;;;;
883;590;15;Programmera ur med programstift;;stift;0,05;;;;;;;;;
884;600;10;Larmtryckknapp infälld i dosa;;apparat;0,15;;;;;;;;;
885;600;15;Larmtryckknapp utvändig inomhus;;apparat;0,17;;;;;;;;;
886;600;20;Larmtryckknapp kapslad utvändig;;apparat;0,18;;;;;;;;;
887;603;16;Ventilationsmätkammare inkl. detektor + håltagning;;apparat;0,74;;;;;;;;;
888;603;17;D:o inkl. montageplåt;;apparat;0,84;;;;;;;;;
889;604;10;Rök/värme/flamdetektor inkl. sockel (ev. fästplatta/täckring);;apparat;0,19;;;;;;;;;
890;604;15;Detektor med sockel/dosa för fuktiga lokaler;;apparat;0,25;;;;;;;;;
891;604;20;Detektor + hissanordning (2 brytringar) + anslutningsdosa;;hissanordn.;0,81;;;;;;;;;
892;604;25;Sockel inkl. ev. insats/fästplatta;;sockel;0,13;;;;;;;;;
893;604;30;Separat dosa;;dosa;0,09;;;;;;;;;
894;604;32;Indikering/summer på detektorsockel;;apparat;0,1;;;;;;;;;
895;604;35;Montera rökdetektorinsats (1 skruv/bajonett) när ej samtidigt;;insats;0,06;;;;;;;;;
896;604;40;Brandlarmsklocka/siren/blixtljus;;apparat;0,2;;;;;;;;;
897;604;42;Indikeringstablå för detektorer;;apparat;0,12;;;;;;;;;
898;609;15;Dörrhållarmagnet inkl. konsol (exkl. anslutn.);;magnet;0,23;;;;;;;;;
899;609;20;Dragplatta (magnetankare) 4 fästskruv (exkl. anslutn.);;platta;0,2;;;;;;;;;
900;611;10;Skyddskorg skruvfast;;korg;0,09;;;;;;;;;
901;611;15;Skyddskorg snäppfast;;korg;0,02;;;;;;;;;
902;611;25;Belägga detektor med Tektyl el. likn;;detektor;0,03;;;;;;;;;
903;611;35;Adressenhet;;enhet;0,34;;;;;;;;;
904;611;40;Inställa kod detektor/bibrandskåp;;enhet;0,05;;;;;;;;;
905;613;10;Montera samplingsrör ≤25 mm;;m;0,12;;;;;;;;;
906;613;12;Skarvmuff/ändtätning/rörböj inkl. limning;;st;0,08;;;;;;;;;
907;613;13;T-koppling inkl. limning;;koppling;0,12;;;;;;;;;
908;613;16;Borra första hålet i samplingsrör;;arbetsställe;0,06;;;;;;;;;
909;613;17;Tillkommande hål;;st;0,02;;;;;;;;;
910;613;18;Signera tejp/skylt för hål;;st;0,04;;;;;;;;;
911;613;30;Montera centralenhet;;enhet;0,37;;;;;;;;;
912;613;35;Montera filterbox/detektorbox;;låda;0,2;;;;;;;;;
913;613;40;Montera separat kondensflaska/ljuddämpare inkl. limning;;st;0,2;;;;;;;;;
914;613;45;Montera filter;;filter;0,1;;;;;;;;;
915;615;10;Detektor mikrovåg/infra (anpassning) exkl. anslutning;;detektor;0,79;;;;;;;;;
916;615;15;Glasdetektor exkl. sladd;;detektor;0,25;;;;;;;;;
917;615;20;Anpassningsenhet för glasdetektor;;enhet;0,36;;;;;;;;;
918;619;10;Magnetkontakt inkl. infällning;;par;0,31;;;;;;;;;
919;619;15;Mellanlägg;;mellanlägg;0,02;;;;;;;;;
920;619;20;Skyddshuv;;huv;0,02;;;;;;;;;
921;619;25;Mjukkabel;;kabel;0,25;;;;;;;;;
922;621;10;Förbikopplingsapparat (anpassning) exkl. anslutning;;apparat;0,61;;;;;;;;;
923;621;15;Manöverapparat (anpassning) exkl. anslutning;;apparat;0,92;;;;;;;;;
924;623;10;TV/CCTV-kamera inkl. fast objektiv (exkl. anslutning);;kamera;0,53;;;;;;;;;
925;623;15;Kamerafäste/väggfäste/inställningssockel;;enhet;0,16;;;;;;;;;
926;623;20;Tillägg bult;;bult;0,06;;;;;;;;;
927;623;25;"Monitor ≤25"" inkl. anpassning";;monitor;0,41;;;;;;;;;
928;623;30;1-polig koaxialkontakt montering;;kontakt;0,13;;;;;;;;;
929;630;10;Antennuttag infällt i dosa inkl. ev. slutmotstånd;;uttag;0,18;;;;;;;;;
930;630;15;Antennuttag utvändigt inkl. ev. slutmotstånd;;uttag;0,28;;;;;;;;;
931;637;10;Fördelare/avtappare – två fördelningar;;enhet;0,33;;;;;;;;;
932;637;15;Tillkommande fördelning;;fördelning;0,08;;;;;;;;;
933;639;10;Färdigmonterad förstärkarutrustning ≤10 kg, inkl. ansl. t.o.m. 4 koaxproppar + vägguttag;;enhet;0,51;;;;;;;;;
934;639;15;D:o >10–25 kg;;enhet;0,64;;;;;;;;;
935;639;20;Förstärkarutrustning av flera enheter (t.o.m. 6) inkl. montering/ansl. t.o.m. 6 koaxproppar;;apparatkomb;1,53;;;;;;;;;
936;639;25;Tillkommande enhet (förstärkare el. likn.) inkl. montering/ansl.;;enhet;0,25;;;;;;;;;
937;639;30;Separat bredbandslinjeförstärkare el. likn. (t.o.m. 2 koaxproppar);;enhet;0,51;;;;;;;;;
938;641;10;Monteringsplatta trä inkl. 3 inkopplingar i påmonterat vägguttag;;platta;0,25;;;;;;;;;
939;641;15;Monteringsplatta för låda med förborrade hål;;platta;0,13;;;;;;;;;
940;641;20;Skyddsskåp inomhus för förstärkarutrustning;;skåp;0,51;;;;;;;;;
941;641;25;Jordningsskena;;skena;0,1;;;;;;;;;
942;641;30;Värmeelement;;element;0,1;;;;;;;;;
943;641;35;Signeringsskylt;;skylt;0,04;;;;;;;;;
944;641;40;Skyltram för signering;;ram;0,09;;;;;;;;;
945;643;10;Märka antenn/huvud-/grenkabel (≤6 tecken);;kabelände;0,04;;;;;;;;;
946;643;15;Inkoppla slutmotstånd i fördelare/avtappare;;motstånd;0,02;;;;;;;;;
947;643;20;Uppskala+inkoppla skärm koax till jordningsskena;;kabelände;0,06;;;;;;;;;
948;643;25;Montera koaxialpropp inkl. uppskalning;;propp;0,08;;;;;;;;;
949;643;30;Montera kabelförskruvning/armatur inkl. uppskalning;;förskruvning/armatur;0,08;;;;;;;;;
950;643;35;Skarva koaxialkabel med kopplingsdon inkl. montering;;skarv;0,15;;;;;;;;;
951;755;10;IBM kontaktdon;;don;0,23;;;;;;;;;
952;755;15;BNC-koaxkontakter (jack/propp/hylsa);;jack/propp;0,16;;;;;;;;;
953;755;23;Modularpropp, oskärmad kabel;;propp;0,1;;;;;;;;;
954;757;10;Montera modularpanel i stativ inkl. blindbrickor;;panel;0,15;;;;;;;;;
955;757;11;Fixera kabel i stativ med strips/kardborre;;m bunt kabel;0,04;;;;;;;;;
956;757;12;Anslut/montera patchkabel (≤3 m);;kabel;0,07;;;;;;;;;
957;759;1;Uppskalning kabel med/utan folieskärm;;kabelände;0,03;;;;;;;;;
958;759;2;Avlastning kabel i uttag/jack;;kabelände;0,02;;;;;;;;;
959;759;3;Tillägg folieskärm på partvinnad 4-par;;kabelände;0,04;;;;;;;;;
960;759;4;Uppfläta+tvinna trådskärm inkl. anslutning;;fläta;0,05;;;;;;;;;
961;759;5;Kontaktera jack inkl. ijackning – oskärmad;;jack;0,07;;;;;;;;;
962;759;6;Kontaktera jack inkl. ijackning – skärmad;;jack;0,08;;;;;;;;;
963;759;7;Snabbkontakteringsklämma inkl. ijackning – oskärmad;;jack;0,05;;;;;;;;;
964;759;8;Snabbkontakteringsklämma inkl. ijackning – skärmad;;jack;0,06;;;;;;;;;
965;759;9;Underdel på dosa;;u-del;0,02;;;;;;;;;
966;759;10;Kompl.-detaljer (centrumplatta/mont.bricka/blindpropp) typ fig.4;;uttag;0,02;;;;;;;;;
967;759;11;Kompl.-detaljer typ fig.5;;uttag;0,04;;;;;;;;;
968;759;12;Kontrollmätning med datainstrument inkl. dokumentation t.o.m. kat 6;;länk;0,11;;;;;;;;;
969;760;10;Ur-/inkoppling av sektion utan anmälan;;sektion;0,05;;;;;;;;;
970;760;11;Ur-/inkoppling av sektion med anmälan;;sektion;0,08;;;;;;;;;
971;760;12;Tillägg vid utökning/ändring i drift;;anläggning;0,19;;;;;;;;;
972;760;13;Registrering på boxkort (t.o.m. 20 klämmor/10-pars plint);;kort;0,27;;;;;;;;;
973;760;14;Nedt./återuppsättning ej skruvfastsatt kassett i undertak;;kassett;0,04;;;;;;;;;
974;760;21;Nedt./återuppsättning skruvfastsatta takplattor;;platta;0,12;;;;;;;;;
975;760;36;Fiskning i dörr/fönsterparti/profiler m.m.;;fiskning;0,2;;;;;;;;;
976;762;11;Uppringning teleledning/ledare;;uppringning;0,02;;;;;;;;;
977;762;12;Märka kabel/ledare märkbands/penna;;ledn.ände;0,01;;;;;;;;;
978;762;13;Märkhylsor max 10 mm – första hylsa;;första hylsa;0,01;;;;;;;;;
979;762;14;Tillkommande märkhylsor max 10 mm;;per hylsa;0,01;;;;;;;;;
980;762;15;Prefabricerad hylsa ≤25 mm;;per hylsa;0,03;;;;;;;;;
981;762;16;Tillägg prefabricerad hylsa >25 mm per 10 mm;;hylsa;0,01;;;;;;;;;
982;762;19;Texta kabelskylt;;skylt;0,01;;;;;;;;;
983;762;21;Märka kabel med kabelskylt;;skylt;0,01;;;;;;;;;
984;764;10;Sammanfoga ledare till stock + utplocka (bindgarn/plastband/tejp);;m stock;0,25;;;;;;;;;
985;776;10;Tillägg spec. svåråtkomligt/skymt inkopplingsställe;;inkoppling;0,02;;;;;;;;;
986;776;12;Montera skyddshylsa plast/gummi över anslutningsställe;;skyddshylsa;0,01;;;;;;;;;
987;776;35;Sätta motstånd/diod i apparat inkl. anslutning;;motstånd/diod;0,04;;;;;;;;;
988;776;37;Montera kretskort i apparat (exkl. anslutning);;kort;0,06;;;;;;;;;
989;776;39;Ansluta kretskort med snabbkoppling;;anslutning;0,01;;;;;;;;;
990;776;41;Adressera apparat;;adress;0,05;;;;;;;;;
991;778;10;Märkskylt ≤7×3 cm;;skylt;0,07;;;;;;;;;
992;778;11;Märkskylt/ram ≤21×30 cm;;skylt/ram;0,1;;;;;;;;;
993;778;15;Märka + montera signeringsskylt;;skylt;0,04;;;;;;;;;
994;778;20;Tillverka märkskylt m. elektronisk märkapparat + montera/tejp;;skyltlist;0,05;;;;;;;;;
995;778;21;Tillkapa skyltlist med kap- och håltång;;skyltlist;0,02;;;;;;;;;
996;800;10;Förläggning 10 mm YD;Instkanal/mark/öppen(-0)/ankarskena/stege(-1)/utvändigt synligt(-2);m rör;0,02;0,03;0,1;;;;;;;
997;800;11;Förläggning 16 mm YD;se ovan;m rör;0,03;0,03;0,1;;;;;;;
998;800;12;Förläggning 20 mm YD;se ovan;m rör;0,04;0,03;0,11;;;;;;;
999;800;13;Förläggning 24 mm YD;se ovan;m rör;0,05;0,04;0,13;;;;;;;
1000;800;14;Förläggning 28 mm YD;se ovan;m rör;0,06;0,04;0,14;;;;;;;
1001;800;15;Förläggning 32 mm YD;se ovan;m rör;0,07;0,05;0,15;;;;;;;
1002;800;16;Förläggning 36 mm YD;se ovan;m rör;0,08;0,06;0,16;;;;;;;
1003;800;17;Förläggning 40 mm YD;se ovan;m rör;0,09;0,07;0,17;;;;;;;
1004;801;10;Tillägg najning på stege;Horisontell/Vertikal;m rör;0,01;0,03;;;;;;;;
1005;802;10;Uppskalning rör ≤16 mm;Längd ≤1/1–2/2–3 m;rörände;0,09;0,12;0,15;;;;;;;
1006;802;11;Uppskalning rör ≤28 mm;Längd ≤1/1–2/2–3 m;rörände;0,1;0,14;0,18;;;;;;;
1007;802;12;Uppskalning rör ≤40 mm;Längd ≤1/1–2/2–3 m;rörände;0,11;0,16;0,22;;;;;;;
1008;803;10;Tillägg uppskalning metallmantlat rör;;m;0,04;;;;;;;;;
1009;805;10;Blåsa optofiber;;per 10 m;0,03;;;;;;;;;
1010;805;15;Skarva mikrokanal (fig.2);;skarv;0,05;;;;;;;;;
1011;805;20;Uppskalning optokabel;;m;0,06;;;;;;;;;
1012;805;21;Kapa + rengöra tub från gel;;tub;0,08;;;;;;;;;
1013;805;30;Terminera fibersvans (pigtail) ≤24 st/arbetsställe;;st;0,24;;;;;;;;;
1014;805;31;Terminera fibersvans (pigtail) >24 st/arbetsställe;;st;0,18;;;;;;;;;
1015;805;35;Tillägg skruvfast skarvstycke/adapter;;skarvstycke;0,02;;;;;;;;;
1016;805;36;Hopmontera fiberpanel;;panel;0,3;;;;;;;;;
1017;805;37;Montera panel i stativ;;panel;0,15;;;;;;;;;
1018;805;38;Montera uttagsbox (oavsett underlag);;box;0,1;;;;;;;;;
1019;805;40;DB-mätning av länk inkl. dokumentation;;länk;0,17;;;;;;;;;
1020;998;10;Vid uppsättning av enheter;Motordrivna/ej;arbetsställe;0,09;;;;;;;;;
1021;998;10;Vid uppsättning av enheter;Motordrivna fullt manövrerbara;arbetsställe;;0,06;;;;;;;;
1022;998;11;Vid uppsättning av sampelrör/opto.;Motordrivna/ej;m förläggn. sträcka;0,04;;;;;;;;;
1023;998;11;Vid uppsättning av sampelrör/opto.;Motordrivna fullt manövrerbara;m förläggn. sträcka;;0,03;;;;;;;;
1024;998;12;Vid håltagning;Motordrivna/ej;arbetsställe;0,09;;;;;;;;;
1025;998;12;Vid håltagning;Motordrivna fullt manövrerbara;arbetsställe;;0,06;;;;;;;;
